index,label,drift,s_5,s_10,s_20,s_50
0,NORMAL,0.198707,0.600000,0.500000,0.650000,0.780000
1,NORMAL,0.171493,0.600000,0.900000,0.800000,0.900000
2,NORMAL,0.178766,0.600000,0.300000,0.450000,0.720000
3,NORMAL,0.164800,0.800000,0.800000,0.850000,0.920000
4,NORMAL,0.149583,0.400000,0.700000,0.950000,0.900000
5,NORMAL,0.186734,0.600000,0.600000,0.600000,0.800000
6,NORMAL,0.184450,0.600000,0.300000,0.700000,0.760000
7,NORMAL,0.178739,0.600000,0.800000,0.800000,0.900000
8,NORMAL,0.074453,0.200000,0.100000,0.200000,0.380000
9,NORMAL,0.184410,0.600000,0.700000,0.550000,0.760000
10,NORMAL,0.197619,0.400000,0.700000,0.550000,0.680000
11,NORMAL,0.185154,0.400000,0.400000,0.450000,0.660000
12,NORMAL,0.208493,0.600000,0.700000,0.800000,0.760000
13,NORMAL,0.058197,0.200000,0.100000,0.050000,0.200000
14,NORMAL,0.168753,0.400000,0.500000,0.650000,0.740000
15,NORMAL,0.186287,0.800000,0.800000,0.750000,0.880000
16,NORMAL,0.119198,0.400000,0.300000,0.250000,0.280000
17,NORMAL,0.150081,0.200000,0.500000,0.400000,0.360000
18,NORMAL,0.048189,0.400000,0.300000,0.300000,0.160000
19,NORMAL,0.106672,0.000000,0.100000,0.300000,0.440000
20,NORMAL,0.160842,0.400000,0.300000,0.300000,0.520000
21,NORMAL,0.212714,0.600000,0.800000,0.600000,0.600000
22,NORMAL,0.229363,0.800000,0.600000,0.600000,0.600000
23,NORMAL,0.208028,0.200000,0.500000,0.350000,0.620000
24,NORMAL,0.211044,0.200000,0.200000,0.500000,0.420000
25,NORMAL,0.098210,0.400000,0.400000,0.350000,0.400000
26,NORMAL,0.226335,0.400000,0.700000,0.550000,0.560000
27,NORMAL,0.197523,0.800000,0.700000,0.700000,0.740000
28,NORMAL,0.215004,0.800000,0.600000,0.550000,0.740000
29,NORMAL,0.208312,0.400000,0.600000,0.550000,0.700000
30,NORMAL,0.194819,0.200000,0.500000,0.400000,0.440000
31,NORMAL,0.235475,0.200000,0.400000,0.350000,0.540000
32,NORMAL,0.242736,0.400000,0.200000,0.400000,0.560000
33,NORMAL,0.175215,0.400000,0.400000,0.500000,0.780000
34,NORMAL,0.196070,0.000000,0.100000,0.350000,0.500000
35,NORMAL,0.191671,0.600000,0.500000,0.500000,0.580000
36,NORMAL,0.266889,0.200000,0.300000,0.300000,0.280000
37,NORMAL,0.205230,0.600000,0.500000,0.550000,0.540000
38,NORMAL,0.226843,0.400000,0.600000,0.550000,0.540000
39,NORMAL,0.160999,0.800000,0.800000,0.750000,0.760000
40,NORMAL,0.213542,0.400000,0.400000,0.650000,0.680000
41,NORMAL,0.186796,0.600000,0.600000,0.650000,0.780000
42,NORMAL,0.208933,0.200000,0.300000,0.550000,0.640000
43,NORMAL,0.212410,0.600000,0.500000,0.400000,0.560000
44,NORMAL,0.222328,0.600000,0.500000,0.500000,0.640000
45,NORMAL,0.191658,0.400000,0.600000,0.600000,0.660000
46,NORMAL,0.135059,0.400000,0.800000,0.600000,0.760000
47,NORMAL,0.234980,0.600000,0.700000,0.650000,0.580000
48,NORMAL,0.177607,0.600000,0.600000,0.500000,0.700000
49,NORMAL,0.143622,0.400000,0.300000,0.350000,0.320000
50,NORMAL,0.239067,0.200000,0.200000,0.250000,0.480000
51,NORMAL,0.161206,0.800000,0.500000,0.650000,0.660000
52,NORMAL,0.207770,0.400000,0.300000,0.500000,0.680000
53,NORMAL,0.238879,0.600000,0.400000,0.550000,0.560000
54,NORMAL,0.177658,0.400000,0.400000,0.400000,0.500000
55,NORMAL,0.194490,0.200000,0.200000,0.350000,0.500000
56,NORMAL,0.218189,0.600000,0.500000,0.650000,0.540000
57,NORMAL,0.249630,0.400000,0.300000,0.350000,0.520000
58,NORMAL,0.213585,0.400000,0.400000,0.400000,0.620000
59,NORMAL,0.076375,0.200000,0.100000,0.150000,0.240000
60,NORMAL,0.221227,0.400000,0.400000,0.400000,0.540000
61,NORMAL,0.196329,0.400000,0.800000,0.700000,0.760000
62,NORMAL,0.197532,0.400000,0.500000,0.600000,0.560000
63,NORMAL,0.184486,0.400000,0.400000,0.550000,0.660000
64,NORMAL,0.193180,0.400000,0.500000,0.600000,0.680000
65,NORMAL,0.223707,0.000000,0.300000,0.350000,0.380000
66,NORMAL,0.205686,0.200000,0.500000,0.550000,0.600000
67,NORMAL,0.233195,0.400000,0.700000,0.450000,0.460000
68,NORMAL,0.218474,0.600000,0.700000,0.550000,0.620000
69,NORMAL,0.199964,0.200000,0.400000,0.350000,0.340000
70,NORMAL,0.140347,0.000000,0.100000,0.400000,0.400000
71,NORMAL,0.222598,0.400000,0.300000,0.400000,0.540000
72,NORMAL,0.163665,0.400000,0.600000,0.450000,0.540000
73,NORMAL,0.249699,0.200000,0.400000,0.400000,0.480000
74,NORMAL,0.224097,0.400000,0.500000,0.450000,0.560000
75,NORMAL,0.230303,0.600000,0.400000,0.550000,0.660000
76,NORMAL,0.169190,0.400000,0.300000,0.500000,0.640000
77,NORMAL,0.095079,0.200000,0.100000,0.150000,0.180000
78,NORMAL,0.248121,0.400000,0.400000,0.400000,0.520000
79,NORMAL,0.228261,0.600000,0.400000,0.700000,0.680000
80,NORMAL,0.197335,0.800000,0.600000,0.450000,0.660000
81,NORMAL,0.211193,0.400000,0.700000,0.700000,0.720000
82,NORMAL,0.206455,0.600000,0.600000,0.650000,0.580000
83,NORMAL,0.212007,0.200000,0.400000,0.500000,0.720000
84,NORMAL,0.201221,0.200000,0.600000,0.650000,0.660000
85,NORMAL,0.262383,0.400000,0.300000,0.200000,0.400000
86,NORMAL,0.235866,0.600000,0.400000,0.500000,0.560000
87,NORMAL,0.166701,0.600000,0.400000,0.350000,0.580000
88,NORMAL,0.218747,0.600000,0.600000,0.550000,0.580000
89,NORMAL,0.204101,0.400000,0.700000,0.550000,0.580000
90,NORMAL,0.137095,0.400000,0.500000,0.750000,0.820000
91,NORMAL,0.158606,0.600000,0.700000,0.700000,0.760000
92,NORMAL,0.091723,0.200000,0.200000,0.350000,0.380000
93,NORMAL,0.178267,0.000000,0.000000,0.200000,0.260000
94,NORMAL,0.173102,1.000000,0.800000,0.800000,0.780000
95,NORMAL,0.225852,0.800000,0.500000,0.650000,0.660000
96,NORMAL,0.181813,0.600000,0.700000,0.700000,0.840000
97,NORMAL,0.157238,0.600000,0.800000,0.650000,0.780000
98,NORMAL,0.177679,0.200000,0.400000,0.550000,0.760000
99,NORMAL,0.165042,0.600000,0.600000,0.450000,0.660000
100,NORMAL,0.219491,0.400000,0.400000,0.450000,0.700000
101,NORMAL,0.205653,0.400000,0.500000,0.750000,0.780000
102,NORMAL,0.198501,0.200000,0.500000,0.600000,0.640000
103,NORMAL,0.219869,0.200000,0.400000,0.350000,0.700000
104,NORMAL,0.187253,0.200000,0.500000,0.650000,0.720000
105,NORMAL,0.193270,0.000000,0.200000,0.450000,0.520000
106,NORMAL,0.212841,0.600000,0.700000,0.650000,0.660000
107,NORMAL,0.136107,0.200000,0.300000,0.350000,0.380000
108,NORMAL,0.119903,0.400000,0.200000,0.150000,0.220000
109,NORMAL,0.186747,0.400000,0.500000,0.450000,0.780000
110,NORMAL,0.152616,0.200000,0.300000,0.300000,0.340000
111,NORMAL,0.219202,0.600000,0.500000,0.650000,0.700000
112,NORMAL,0.190047,0.600000,0.600000,0.700000,0.720000
113,NORMAL,0.209589,0.600000,0.400000,0.550000,0.700000
114,NORMAL,0.265911,0.200000,0.200000,0.100000,0.400000
115,NORMAL,0.202807,0.400000,0.500000,0.400000,0.480000
116,NORMAL,0.220740,0.400000,0.700000,0.650000,0.740000
117,NORMAL,0.194805,0.600000,0.500000,0.400000,0.620000
118,NORMAL,0.219422,0.400000,0.400000,0.550000,0.540000
119,NORMAL,0.200043,0.400000,0.600000,0.700000,0.720000
120,NORMAL,0.146938,0.200000,0.200000,0.300000,0.520000
121,NORMAL,0.166776,0.400000,0.600000,0.450000,0.460000
122,NORMAL,0.216499,0.600000,0.600000,0.700000,0.660000
123,NORMAL,0.198836,0.600000,0.600000,0.550000,0.620000
124,NORMAL,0.208299,0.600000,0.500000,0.600000,0.620000
125,NORMAL,0.235178,0.800000,0.500000,0.400000,0.340000
126,NORMAL,0.206844,0.800000,0.600000,0.550000,0.740000
127,NORMAL,0.144815,0.400000,0.600000,0.750000,0.760000
128,NORMAL,0.187298,0.200000,0.300000,0.400000,0.320000
129,NORMAL,0.196233,0.600000,0.500000,0.450000,0.540000
130,NORMAL,0.160436,0.600000,0.500000,0.550000,0.780000
131,NORMAL,0.220099,0.600000,0.400000,0.500000,0.600000
132,NORMAL,0.154837,0.200000,0.300000,0.550000,0.580000
133,NORMAL,0.170111,0.600000,0.500000,0.750000,0.800000
134,NORMAL,0.114735,0.200000,0.300000,0.350000,0.360000
135,NORMAL,0.090638,0.000000,0.000000,0.350000,0.380000
136,NORMAL,0.134112,0.600000,0.500000,0.500000,0.460000
137,NORMAL,0.174338,0.600000,0.500000,0.750000,0.680000
138,NORMAL,0.194674,0.200000,0.500000,0.550000,0.800000
139,NORMAL,0.178382,0.600000,0.600000,0.600000,0.780000
140,NORMAL,0.211537,0.800000,0.600000,0.700000,0.640000
141,NORMAL,0.190772,0.600000,0.600000,0.600000,0.740000
142,NORMAL,0.162457,0.800000,0.700000,0.800000,0.800000
143,NORMAL,0.181677,0.600000,0.600000,0.700000,0.800000
144,NORMAL,0.241892,0.600000,0.700000,0.550000,0.620000
145,NORMAL,0.150627,0.200000,0.100000,0.250000,0.420000
146,NORMAL,0.119907,0.000000,0.400000,0.400000,0.420000
147,NORMAL,0.219755,0.200000,0.300000,0.600000,0.700000
148,NORMAL,0.203005,0.400000,0.500000,0.550000,0.600000
149,NORMAL,0.209548,0.200000,0.500000,0.450000,0.620000
150,NORMAL,0.240969,0.200000,0.500000,0.600000,0.660000
151,NORMAL,0.215068,0.400000,0.300000,0.550000,0.500000
152,NORMAL,0.216446,0.400000,0.400000,0.500000,0.660000
153,NORMAL,0.228237,0.000000,0.200000,0.300000,0.360000
154,NORMAL,0.198588,0.600000,0.600000,0.700000,0.780000
155,NORMAL,0.233900,0.200000,0.100000,0.300000,0.440000
156,NORMAL,0.179539,0.200000,0.300000,0.400000,0.560000
157,NORMAL,0.200430,0.200000,0.300000,0.550000,0.500000
158,NORMAL,0.236122,0.000000,0.200000,0.400000,0.400000
159,NORMAL,0.189820,0.600000,0.600000,0.600000,0.720000
160,NORMAL,0.198134,0.600000,0.500000,0.500000,0.500000
161,NORMAL,0.194547,0.200000,0.300000,0.550000,0.820000
162,NORMAL,0.200999,0.600000,0.400000,0.350000,0.620000
163,NORMAL,0.237089,0.800000,0.500000,0.550000,0.480000
164,NORMAL,0.166424,0.400000,0.800000,0.750000,0.760000
165,NORMAL,0.237073,0.200000,0.400000,0.500000,0.680000
166,NORMAL,0.191690,0.200000,0.600000,0.500000,0.640000
167,NORMAL,0.218935,0.600000,0.500000,0.450000,0.680000
168,NORMAL,0.235721,0.200000,0.300000,0.450000,0.580000
169,NORMAL,0.247050,0.200000,0.500000,0.400000,0.440000
170,NORMAL,0.135855,0.400000,0.700000,0.850000,0.740000
171,NORMAL,0.181774,0.600000,0.600000,0.550000,0.580000
172,NORMAL,0.225107,0.200000,0.600000,0.600000,0.540000
173,NORMAL,0.232848,0.200000,0.300000,0.450000,0.620000
174,NORMAL,0.175860,0.400000,0.500000,0.350000,0.380000
175,NORMAL,0.187540,0.200000,0.300000,0.450000,0.560000
176,NORMAL,0.196544,0.200000,0.300000,0.350000,0.660000
177,NORMAL,0.187134,0.200000,0.300000,0.350000,0.520000
178,NORMAL,0.223917,0.400000,0.300000,0.300000,0.320000
179,NORMAL,0.231942,0.600000,0.700000,0.450000,0.460000
180,NORMAL,0.173741,0.600000,0.600000,0.500000,0.720000
181,NORMAL,0.200453,0.600000,0.500000,0.500000,0.460000
182,NORMAL,0.212745,0.400000,0.400000,0.450000,0.520000
183,NORMAL,0.242922,0.200000,0.400000,0.500000,0.540000
184,NORMAL,0.168576,0.200000,0.300000,0.450000,0.560000
185,NORMAL,0.158231,0.600000,0.800000,0.750000,0.880000
186,NORMAL,0.216959,0.200000,0.300000,0.500000,0.720000
187,NORMAL,0.202697,0.200000,0.200000,0.200000,0.320000
188,NORMAL,0.174733,0.800000,1.000000,0.850000,0.900000
189,NORMAL,0.222415,0.200000,0.400000,0.450000,0.540000
190,NORMAL,0.215423,0.400000,0.500000,0.550000,0.820000
191,NORMAL,0.214170,0.200000,0.400000,0.500000,0.720000
192,NORMAL,0.203349,0.600000,0.800000,0.600000,0.700000
193,NORMAL,0.202508,0.400000,0.200000,0.300000,0.460000
194,NORMAL,0.201413,0.200000,0.300000,0.500000,0.680000
195,NORMAL,0.232039,0.200000,0.300000,0.500000,0.700000
196,NORMAL,0.213530,0.200000,0.500000,0.500000,0.480000
197,NORMAL,0.072795,0.000000,0.000000,0.000000,0.260000
198,NORMAL,0.169792,0.600000,0.800000,0.750000,0.900000
199,NORMAL,0.164882,0.400000,0.600000,0.600000,0.620000
200,NORMAL,0.164649,0.000000,0.300000,0.300000,0.520000
201,NORMAL,0.128698,0.600000,0.700000,0.750000,0.780000
202,NORMAL,0.073459,0.400000,0.300000,0.400000,0.400000
203,NORMAL,0.090801,0.400000,0.500000,0.800000,0.800000
204,NORMAL,0.101351,0.600000,0.400000,0.500000,0.740000
205,NORMAL,0.087312,0.200000,0.500000,0.450000,0.700000
206,NORMAL,0.081836,0.200000,0.100000,0.350000,0.540000
207,NORMAL,0.122920,0.400000,0.500000,0.500000,0.600000
208,NORMAL,0.087115,0.400000,0.500000,0.400000,0.560000
209,NORMAL,0.147333,0.400000,0.500000,0.500000,0.680000
210,NORMAL,0.204314,0.000000,0.100000,0.300000,0.420000
211,NORMAL,0.148032,0.400000,0.600000,0.450000,0.500000
212,NORMAL,0.192851,0.000000,0.200000,0.400000,0.540000
213,NORMAL,0.234315,0.400000,0.400000,0.600000,0.580000
214,NORMAL,0.112487,0.200000,0.300000,0.400000,0.460000
215,NORMAL,0.164621,0.400000,0.500000,0.600000,0.660000
216,NORMAL,0.170639,0.400000,0.600000,0.700000,0.800000
217,NORMAL,0.094529,0.400000,0.500000,0.600000,0.660000
218,NORMAL,0.123872,0.200000,0.400000,0.400000,0.520000
219,NORMAL,0.087510,0.200000,0.300000,0.200000,0.360000
220,NORMAL,0.207295,0.200000,0.300000,0.500000,0.680000
221,NORMAL,0.205815,0.600000,0.600000,0.500000,0.720000
222,NORMAL,0.056837,0.400000,0.300000,0.500000,0.440000
223,NORMAL,0.034703,0.000000,0.100000,0.200000,0.320000
224,NORMAL,0.153235,0.400000,0.400000,0.400000,0.600000
225,NORMAL,0.198721,0.600000,0.600000,0.500000,0.660000
226,NORMAL,0.169865,0.400000,0.700000,0.650000,0.720000
227,NORMAL,0.199143,0.800000,0.900000,0.600000,0.680000
228,NORMAL,0.191803,0.800000,0.700000,0.650000,0.860000
229,NORMAL,0.062719,0.400000,0.400000,0.450000,0.400000
230,NORMAL,0.092730,0.400000,0.400000,0.350000,0.280000
231,NORMAL,0.189041,0.600000,0.600000,0.650000,0.660000
232,NORMAL,0.087031,0.000000,0.100000,0.350000,0.300000
233,NORMAL,0.215698,0.400000,0.700000,0.600000,0.720000
234,NORMAL,0.200762,0.800000,0.600000,0.600000,0.720000
235,NORMAL,0.163149,0.600000,0.600000,0.700000,0.820000
236,NORMAL,0.085376,0.400000,0.500000,0.450000,0.420000
237,NORMAL,0.185052,0.400000,0.300000,0.500000,0.580000
238,NORMAL,0.102152,0.400000,0.700000,0.850000,0.720000
239,NORMAL,0.181295,0.200000,0.600000,0.650000,0.760000
240,NORMAL,0.051297,0.400000,0.500000,0.550000,0.580000
241,NORMAL,0.120257,0.000000,0.300000,0.500000,0.600000
242,NORMAL,0.185744,0.400000,0.300000,0.500000,0.740000
243,NORMAL,0.078754,0.000000,0.300000,0.350000,0.300000
244,NORMAL,0.181819,0.600000,0.600000,0.550000,0.640000
245,NORMAL,0.149984,0.600000,0.500000,0.450000,0.700000
246,NORMAL,0.131131,0.600000,0.600000,0.650000,0.720000
247,NORMAL,0.196766,0.400000,0.600000,0.650000,0.760000
248,NORMAL,0.211632,0.200000,0.300000,0.400000,0.640000
249,NORMAL,0.178292,0.600000,0.600000,0.650000,0.740000
250,NORMAL,0.182008,0.400000,0.700000,0.550000,0.620000
251,NORMAL,0.140295,0.400000,0.300000,0.150000,0.220000
252,NORMAL,0.171526,0.200000,0.400000,0.500000,0.360000
253,NORMAL,0.186412,0.200000,0.500000,0.350000,0.440000
254,NORMAL,0.227754,0.200000,0.400000,0.300000,0.500000
255,NORMAL,0.140079,0.400000,0.400000,0.500000,0.580000
256,NORMAL,0.195520,0.600000,0.400000,0.650000,0.800000
257,NORMAL,0.201577,0.000000,0.100000,0.150000,0.140000
258,NORMAL,0.210534,0.400000,0.600000,0.600000,0.580000
259,NORMAL,0.206962,0.200000,0.400000,0.500000,0.500000
260,NORMAL,0.146190,0.000000,0.200000,0.250000,0.500000
261,NORMAL,0.109782,0.000000,0.000000,0.050000,0.120000
262,NORMAL,0.203345,0.600000,0.500000,0.600000,0.780000
263,NORMAL,0.127495,0.400000,0.600000,0.550000,0.600000
264,NORMAL,0.216260,0.600000,0.700000,0.600000,0.740000
265,NORMAL,0.175027,0.000000,0.400000,0.400000,0.440000
266,NORMAL,0.155946,0.400000,0.600000,0.450000,0.520000
267,NORMAL,0.192834,0.400000,0.300000,0.400000,0.580000
268,NORMAL,0.194894,0.800000,0.700000,0.700000,0.720000
269,NORMAL,0.207496,1.000000,0.600000,0.750000,0.740000
270,NORMAL,0.220932,0.400000,0.400000,0.450000,0.640000
271,NORMAL,0.234534,0.800000,0.700000,0.600000,0.620000
272,NORMAL,0.177141,0.600000,0.400000,0.300000,0.380000
273,NORMAL,0.219289,0.200000,0.500000,0.600000,0.640000
274,NORMAL,0.215252,0.800000,0.800000,0.550000,0.560000
275,NORMAL,0.195407,0.600000,0.400000,0.600000,0.680000
276,NORMAL,0.211594,0.800000,0.600000,0.650000,0.700000
277,NORMAL,0.182881,0.600000,0.500000,0.600000,0.660000
278,NORMAL,0.192472,0.600000,0.600000,0.500000,0.640000
279,NORMAL,0.244410,0.600000,0.500000,0.650000,0.580000
280,NORMAL,0.214324,0.400000,0.500000,0.650000,0.680000
281,NORMAL,0.207236,0.400000,0.500000,0.550000,0.480000
282,NORMAL,0.177381,0.000000,0.100000,0.200000,0.220000
283,NORMAL,0.252679,0.600000,0.500000,0.350000,0.360000
284,NORMAL,0.216807,0.200000,0.400000,0.550000,0.560000
285,NORMAL,0.216124,0.400000,0.500000,0.600000,0.660000
286,NORMAL,0.197618,0.200000,0.400000,0.500000,0.600000
287,NORMAL,0.192550,0.400000,0.400000,0.600000,0.720000
288,NORMAL,0.170440,0.800000,0.900000,0.700000,0.920000
289,NORMAL,0.182151,0.600000,0.700000,0.750000,0.820000
290,NORMAL,0.093786,0.400000,0.400000,0.300000,0.260000
291,NORMAL,0.182938,0.600000,0.400000,0.550000,0.640000
292,NORMAL,0.216101,0.600000,0.600000,0.500000,0.600000
293,NORMAL,0.212973,0.400000,0.600000,0.700000,0.540000
294,NORMAL,0.197615,0.200000,0.400000,0.650000,0.740000
295,NORMAL,0.209309,0.600000,0.700000,0.800000,0.700000
296,NORMAL,0.152296,1.000000,0.900000,0.850000,0.920000
297,NORMAL,0.215584,0.400000,0.300000,0.200000,0.320000
298,NORMAL,0.102771,0.400000,0.400000,0.500000,0.560000
299,NORMAL,0.044824,0.000000,0.000000,0.050000,0.140000
300,NORMAL,0.167890,0.200000,0.300000,0.300000,0.460000
301,NORMAL,0.170174,0.600000,0.800000,0.800000,0.840000
302,NORMAL,0.215500,0.400000,0.400000,0.450000,0.420000
303,NORMAL,0.150288,0.400000,0.700000,0.750000,0.780000
304,NORMAL,0.213348,0.200000,0.500000,0.650000,0.620000
305,NORMAL,0.182507,0.600000,0.600000,0.700000,0.860000
306,NORMAL,0.148436,0.600000,0.500000,0.450000,0.420000
307,NORMAL,0.190036,0.600000,0.800000,0.650000,0.820000
308,NORMAL,0.147827,0.000000,0.300000,0.300000,0.340000
309,NORMAL,0.187846,0.600000,0.500000,0.650000,0.860000
310,NORMAL,0.211310,0.400000,0.600000,0.600000,0.660000
311,NORMAL,0.191298,0.400000,0.600000,0.600000,0.760000
312,NORMAL,0.186239,0.800000,0.800000,0.800000,0.820000
313,NORMAL,0.188865,0.600000,0.600000,0.550000,0.700000
314,NORMAL,0.196989,0.600000,0.700000,0.650000,0.820000
315,NORMAL,0.210688,0.800000,0.800000,0.650000,0.540000
316,NORMAL,0.217927,0.200000,0.300000,0.600000,0.680000
317,NORMAL,0.202776,0.400000,0.700000,0.700000,0.660000
318,NORMAL,0.220582,0.600000,0.600000,0.550000,0.660000
319,NORMAL,0.209879,0.200000,0.300000,0.350000,0.460000
320,NORMAL,0.217906,0.400000,0.300000,0.350000,0.380000
321,NORMAL,0.207475,0.400000,0.400000,0.350000,0.600000
322,NORMAL,0.141077,0.400000,0.200000,0.250000,0.500000
323,NORMAL,0.065411,0.200000,0.200000,0.250000,0.300000
324,NORMAL,0.126321,0.400000,0.200000,0.250000,0.500000
325,NORMAL,0.048790,0.000000,0.400000,0.400000,0.620000
326,NORMAL,0.243535,0.200000,0.500000,0.550000,0.460000
327,NORMAL,0.156376,0.800000,0.800000,0.950000,0.900000
328,NORMAL,0.110073,0.600000,0.800000,0.750000,0.800000
329,NORMAL,0.174569,0.200000,0.200000,0.400000,0.700000
330,NORMAL,0.097141,0.200000,0.100000,0.200000,0.200000
331,NORMAL,0.192423,0.000000,0.300000,0.550000,0.600000
332,NORMAL,0.238046,0.000000,0.200000,0.300000,0.280000
333,NORMAL,0.201151,0.400000,0.600000,0.550000,0.600000
334,NORMAL,0.232478,0.400000,0.400000,0.450000,0.620000
335,NORMAL,0.219356,0.400000,0.600000,0.500000,0.660000
336,NORMAL,0.148184,0.600000,0.600000,0.600000,0.580000
337,NORMAL,0.138360,0.200000,0.500000,0.500000,0.520000
338,NORMAL,0.235352,0.200000,0.400000,0.500000,0.600000
339,NORMAL,0.189177,0.200000,0.300000,0.500000,0.660000
340,NORMAL,0.175211,0.800000,0.700000,0.650000,0.820000
341,NORMAL,0.227215,0.200000,0.400000,0.450000,0.720000
342,NORMAL,0.192949,0.600000,0.600000,0.600000,0.720000
343,NORMAL,0.206694,0.400000,0.400000,0.450000,0.600000
344,NORMAL,0.239633,0.200000,0.600000,0.650000,0.420000
345,NORMAL,0.161082,0.400000,0.500000,0.450000,0.440000
346,NORMAL,0.216819,0.400000,0.400000,0.550000,0.540000
347,NORMAL,0.201714,0.400000,0.600000,0.700000,0.740000
348,NORMAL,0.216349,0.600000,0.300000,0.400000,0.220000
349,NORMAL,0.257732,0.000000,0.100000,0.200000,0.120000
350,NORMAL,0.145954,0.400000,0.400000,0.500000,0.560000
351,NORMAL,0.224658,0.200000,0.500000,0.650000,0.700000
352,NORMAL,0.183913,0.400000,0.300000,0.350000,0.600000
353,NORMAL,0.173365,0.400000,0.600000,0.450000,0.480000
354,NORMAL,0.214057,0.400000,0.500000,0.500000,0.500000
355,NORMAL,0.228550,0.200000,0.300000,0.500000,0.600000
356,NORMAL,0.170926,0.400000,0.500000,0.650000,0.660000
357,NORMAL,0.223579,0.400000,0.500000,0.600000,0.580000
358,NORMAL,0.052145,0.200000,0.100000,0.250000,0.180000
359,NORMAL,0.216033,0.200000,0.400000,0.500000,0.640000
360,NORMAL,0.247109,0.200000,0.600000,0.400000,0.520000
361,NORMAL,0.237295,0.600000,0.500000,0.550000,0.620000
362,NORMAL,0.142859,0.200000,0.400000,0.400000,0.460000
363,NORMAL,0.172250,0.600000,0.800000,0.900000,0.900000
364,NORMAL,0.123055,0.000000,0.200000,0.250000,0.400000
365,NORMAL,0.223393,0.200000,0.500000,0.400000,0.500000
366,NORMAL,0.200769,0.600000,0.700000,0.650000,0.740000
367,NORMAL,0.211316,0.200000,0.500000,0.500000,0.620000
368,NORMAL,0.173204,0.600000,0.800000,0.800000,0.880000
369,NORMAL,0.201396,0.400000,0.500000,0.450000,0.620000
370,NORMAL,0.189813,0.600000,0.500000,0.450000,0.560000
371,NORMAL,0.224645,0.400000,0.400000,0.500000,0.560000
372,NORMAL,0.179411,0.600000,0.500000,0.450000,0.620000
373,NORMAL,0.205543,0.400000,0.400000,0.500000,0.600000
374,NORMAL,0.191895,0.600000,0.600000,0.500000,0.660000
375,NORMAL,0.219707,0.200000,0.400000,0.450000,0.640000
376,NORMAL,0.190577,0.400000,0.400000,0.400000,0.420000
377,NORMAL,0.187684,0.600000,0.600000,0.700000,0.820000
378,NORMAL,0.182548,0.400000,0.400000,0.500000,0.700000
379,NORMAL,0.176826,0.200000,0.300000,0.400000,0.620000
380,NORMAL,0.201947,0.800000,0.500000,0.500000,0.500000
381,NORMAL,0.210488,0.200000,0.500000,0.400000,0.500000
382,NORMAL,0.192551,0.400000,0.400000,0.550000,0.600000
383,NORMAL,0.222039,0.200000,0.400000,0.600000,0.660000
384,NORMAL,0.179670,0.800000,0.600000,0.600000,0.680000
385,NORMAL,0.241332,0.200000,0.100000,0.300000,0.400000
386,NORMAL,0.212083,0.400000,0.300000,0.400000,0.640000
387,NORMAL,0.178254,0.200000,0.600000,0.500000,0.480000
388,NORMAL,0.148482,0.600000,0.600000,0.350000,0.280000
389,NORMAL,0.217354,0.400000,0.300000,0.250000,0.200000
390,NORMAL,0.217604,0.400000,0.600000,0.550000,0.680000
391,NORMAL,0.207863,0.400000,0.200000,0.250000,0.380000
392,NORMAL,0.212796,0.800000,0.500000,0.650000,0.740000
393,NORMAL,0.224450,0.600000,0.800000,0.700000,0.720000
394,NORMAL,0.154678,0.400000,0.400000,0.650000,0.780000
395,NORMAL,0.226154,0.600000,0.500000,0.500000,0.580000
396,NORMAL,0.219248,0.600000,0.600000,0.600000,0.620000
397,NORMAL,0.204274,0.600000,0.500000,0.600000,0.680000
398,NORMAL,0.159092,0.600000,0.600000,0.650000,0.740000
399,NORMAL,0.189319,0.600000,0.600000,0.650000,0.720000
400,NORMAL,0.211642,0.600000,0.400000,0.450000,0.680000
401,NORMAL,0.194069,0.200000,0.500000,0.500000,0.660000
402,NORMAL,0.248302,0.600000,0.500000,0.400000,0.660000
403,NORMAL,0.203281,0.400000,0.300000,0.650000,0.660000
404,NORMAL,0.170759,0.200000,0.400000,0.600000,0.720000
405,NORMAL,0.159064,0.600000,0.400000,0.450000,0.620000
406,NORMAL,0.196340,0.200000,0.200000,0.300000,0.560000
407,NORMAL,0.186845,0.400000,0.500000,0.550000,0.580000
408,NORMAL,0.225011,0.200000,0.400000,0.450000,0.520000
409,NORMAL,0.198290,0.400000,0.400000,0.500000,0.780000
410,NORMAL,0.181099,0.400000,0.500000,0.600000,0.700000
411,NORMAL,0.208357,0.600000,0.400000,0.600000,0.700000
412,NORMAL,0.235237,0.400000,0.600000,0.600000,0.620000
413,NORMAL,0.096572,0.400000,0.300000,0.350000,0.380000
414,NORMAL,0.165401,0.600000,0.600000,0.600000,0.720000
415,NORMAL,0.195303,0.600000,0.600000,0.700000,0.840000
416,NORMAL,0.172850,0.400000,0.500000,0.400000,0.640000
417,NORMAL,0.169550,0.800000,0.800000,0.850000,0.880000
418,NORMAL,0.160802,0.200000,0.300000,0.200000,0.240000
419,NORMAL,0.224463,0.200000,0.300000,0.500000,0.600000
420,NORMAL,0.228248,0.600000,0.600000,0.550000,0.640000
421,NORMAL,0.196313,0.600000,0.600000,0.600000,0.740000
422,NORMAL,0.157608,0.600000,0.700000,0.700000,0.820000
423,NORMAL,0.195910,0.200000,0.500000,0.650000,0.800000
424,NORMAL,0.225037,0.800000,0.500000,0.700000,0.700000
425,NORMAL,0.234500,0.400000,0.500000,0.550000,0.640000
426,NORMAL,0.095852,0.200000,0.200000,0.100000,0.360000
427,NORMAL,0.226418,0.000000,0.100000,0.300000,0.500000
428,NORMAL,0.189102,0.400000,0.400000,0.450000,0.420000
429,NORMAL,0.190784,0.600000,0.500000,0.500000,0.660000
430,NORMAL,0.215892,0.200000,0.400000,0.650000,0.700000
431,NORMAL,0.204025,0.200000,0.300000,0.550000,0.580000
432,NORMAL,0.216897,0.600000,0.700000,0.700000,0.620000
433,NORMAL,0.192141,0.000000,0.500000,0.550000,0.680000
434,NORMAL,0.234841,0.400000,0.600000,0.450000,0.540000
435,NORMAL,0.071143,0.400000,0.400000,0.350000,0.360000
436,NORMAL,0.044662,0.200000,0.200000,0.350000,0.500000
437,NORMAL,0.192252,0.400000,0.600000,0.750000,0.700000
438,NORMAL,0.175334,0.200000,0.600000,0.650000,0.820000
439,NORMAL,0.216405,0.600000,0.300000,0.500000,0.560000
440,NORMAL,0.166001,0.800000,0.700000,0.750000,0.900000
441,NORMAL,0.227494,0.600000,0.600000,0.600000,0.680000
442,NORMAL,0.195952,0.200000,0.400000,0.700000,0.700000
443,NORMAL,0.180428,0.400000,0.300000,0.450000,0.640000
444,NORMAL,0.168913,0.000000,0.400000,0.500000,0.420000
445,NORMAL,0.114719,0.600000,0.500000,0.650000,0.760000
446,NORMAL,0.165560,0.800000,0.500000,0.300000,0.320000
447,NORMAL,0.231618,0.000000,0.100000,0.350000,0.420000
448,NORMAL,0.220512,0.000000,0.300000,0.350000,0.580000
449,NORMAL,0.204883,0.400000,0.500000,0.550000,0.780000
450,NORMAL,0.227724,0.400000,0.400000,0.500000,0.680000
451,NORMAL,0.215889,0.600000,0.500000,0.450000,0.400000
452,NORMAL,0.221620,0.400000,0.600000,0.550000,0.620000
453,NORMAL,0.111955,0.800000,0.800000,0.750000,0.740000
454,NORMAL,0.246052,0.200000,0.400000,0.450000,0.500000
455,NORMAL,0.238018,0.400000,0.500000,0.600000,0.600000
456,NORMAL,0.193877,0.400000,0.500000,0.700000,0.740000
457,NORMAL,0.201603,0.800000,0.600000,0.650000,0.740000
458,NORMAL,0.192264,0.400000,0.600000,0.650000,0.620000
459,NORMAL,0.233827,0.800000,0.500000,0.550000,0.500000
460,NORMAL,0.236480,0.400000,0.500000,0.450000,0.600000
461,NORMAL,0.237884,0.600000,0.500000,0.600000,0.660000
462,NORMAL,0.172221,0.400000,0.300000,0.250000,0.500000
463,NORMAL,0.159014,0.600000,0.500000,0.300000,0.240000
464,NORMAL,0.200700,1.000000,0.700000,0.650000,0.820000
465,NORMAL,0.260239,0.200000,0.100000,0.350000,0.420000
466,NORMAL,0.217044,0.400000,0.400000,0.600000,0.720000
467,NORMAL,0.205206,0.400000,0.500000,0.450000,0.640000
468,NORMAL,0.217464,0.400000,0.400000,0.450000,0.620000
469,NORMAL,0.096877,0.000000,0.300000,0.300000,0.300000
470,NORMAL,0.173813,0.200000,0.300000,0.350000,0.320000
471,NORMAL,0.180223,0.200000,0.200000,0.150000,0.320000
472,NORMAL,0.053576,0.000000,0.000000,0.150000,0.240000
473,NORMAL,0.056203,0.600000,0.300000,0.500000,0.560000
474,NORMAL,0.116638,0.000000,0.100000,0.100000,0.120000
475,NORMAL,0.056569,0.000000,0.100000,0.100000,0.180000
476,PNEUMONIA,0.139542,0.600000,0.600000,0.800000,0.800000
477,PNEUMONIA,0.088560,0.800000,0.600000,0.550000,0.520000
478,PNEUMONIA,0.155455,0.800000,0.800000,0.750000,0.740000
479,PNEUMONIA,0.146593,0.800000,0.600000,0.650000,0.840000
480,PNEUMONIA,0.140754,0.400000,0.500000,0.600000,0.640000
481,PNEUMONIA,0.130903,0.800000,0.800000,0.750000,0.820000
482,PNEUMONIA,0.163576,0.600000,0.800000,0.750000,0.680000
483,PNEUMONIA,0.116178,0.600000,0.700000,0.650000,0.640000
484,PNEUMONIA,0.147690,0.600000,0.700000,0.750000,0.720000
485,PNEUMONIA,0.170137,0.200000,0.500000,0.700000,0.680000
486,PNEUMONIA,0.131347,0.600000,0.600000,0.550000,0.720000
487,PNEUMONIA,0.159046,0.600000,0.600000,0.750000,0.780000
488,PNEUMONIA,0.147437,0.800000,0.900000,0.800000,0.840000
489,PNEUMONIA,0.139251,0.800000,0.900000,0.750000,0.900000
490,PNEUMONIA,0.138333,0.400000,0.400000,0.650000,0.520000
491,PNEUMONIA,0.142423,0.000000,0.600000,0.600000,0.760000
492,PNEUMONIA,0.131018,0.400000,0.400000,0.550000,0.660000
493,PNEUMONIA,0.146812,0.800000,0.800000,0.750000,0.820000
494,PNEUMONIA,0.158216,0.400000,0.300000,0.500000,0.620000
495,PNEUMONIA,0.148743,0.800000,0.800000,0.800000,0.800000
496,PNEUMONIA,0.124003,0.400000,0.600000,0.750000,0.760000
497,PNEUMONIA,0.142801,0.400000,0.700000,0.800000,0.860000
498,PNEUMONIA,0.052308,0.400000,0.500000,0.650000,0.620000
499,PNEUMONIA,0.147478,0.200000,0.500000,0.850000,0.800000
500,PNEUMONIA,0.134277,0.600000,0.900000,0.700000,0.840000
501,PNEUMONIA,0.148245,0.800000,0.500000,0.550000,0.740000
502,PNEUMONIA,0.125960,0.600000,0.500000,0.500000,0.660000
503,PNEUMONIA,0.118245,0.200000,0.600000,0.700000,0.820000
504,PNEUMONIA,0.154302,0.600000,0.400000,0.650000,0.680000
505,PNEUMONIA,0.038668,0.200000,0.500000,0.700000,0.720000
506,PNEUMONIA,0.087404,0.200000,0.400000,0.750000,0.560000
507,PNEUMONIA,0.143025,0.400000,0.500000,0.600000,0.620000
508,PNEUMONIA,0.151753,0.200000,0.500000,0.550000,0.660000
509,PNEUMONIA,0.155398,0.600000,0.700000,0.800000,0.760000
510,PNEUMONIA,0.095180,0.800000,0.500000,0.600000,0.740000
511,PNEUMONIA,0.129581,0.600000,0.500000,0.550000,0.620000
512,PNEUMONIA,0.140331,0.600000,0.800000,0.800000,0.860000
513,PNEUMONIA,0.124750,0.800000,0.800000,0.650000,0.760000
514,PNEUMONIA,0.128613,0.400000,0.600000,0.600000,0.640000
515,PNEUMONIA,0.111139,0.400000,0.700000,0.750000,0.640000
516,PNEUMONIA,0.142182,0.600000,0.600000,0.900000,0.860000
517,PNEUMONIA,0.143974,0.800000,0.700000,0.750000,0.740000
518,PNEUMONIA,0.138508,0.600000,0.600000,0.450000,0.640000
519,PNEUMONIA,0.131531,1.000000,0.700000,0.650000,0.900000
520,PNEUMONIA,0.046336,0.400000,0.200000,0.250000,0.340000
521,PNEUMONIA,0.138283,0.800000,0.800000,0.700000,0.920000
522,PNEUMONIA,0.164274,0.600000,0.500000,0.650000,0.580000
523,PNEUMONIA,0.163757,0.800000,0.700000,0.750000,0.700000
524,PNEUMONIA,0.145028,0.800000,0.500000,0.700000,0.680000
525,PNEUMONIA,0.095838,0.400000,0.500000,0.600000,0.620000
526,PNEUMONIA,0.149429,0.800000,0.900000,0.750000,0.720000
527,PNEUMONIA,0.152139,0.400000,0.600000,0.800000,0.860000
528,PNEUMONIA,0.113597,0.200000,0.100000,0.200000,0.360000
529,PNEUMONIA,0.145040,0.600000,0.700000,0.750000,0.860000
530,PNEUMONIA,0.150331,0.600000,0.800000,0.900000,0.920000
531,PNEUMONIA,0.075797,0.400000,0.500000,0.350000,0.320000
532,PNEUMONIA,0.143933,0.600000,0.800000,0.850000,0.820000
533,PNEUMONIA,0.159304,1.000000,0.700000,0.700000,0.780000
534,PNEUMONIA,0.130940,0.600000,0.300000,0.550000,0.520000
535,PNEUMONIA,0.134337,0.400000,0.900000,0.900000,0.840000
536,PNEUMONIA,0.080762,0.000000,0.700000,0.450000,0.320000
537,PNEUMONIA,0.136408,0.800000,0.900000,0.850000,0.840000
538,PNEUMONIA,0.152223,0.600000,0.700000,0.700000,0.740000
539,PNEUMONIA,0.165670,0.600000,0.400000,0.700000,0.640000
540,PNEUMONIA,0.125950,0.600000,0.700000,0.700000,0.740000
541,PNEUMONIA,0.080939,1.000000,0.800000,0.750000,0.800000
542,PNEUMONIA,0.142234,0.600000,0.600000,0.700000,0.880000
543,PNEUMONIA,0.134916,0.800000,0.600000,0.800000,0.780000
544,PNEUMONIA,0.124133,0.800000,0.800000,0.800000,0.880000
545,PNEUMONIA,0.170417,0.600000,0.500000,0.500000,0.580000
546,PNEUMONIA,0.130424,0.600000,0.700000,0.550000,0.720000
547,PNEUMONIA,0.179741,0.200000,0.300000,0.500000,0.500000
548,PNEUMONIA,0.129790,0.400000,0.500000,0.600000,0.640000
549,PNEUMONIA,0.136775,0.600000,0.900000,0.800000,0.800000
550,PNEUMONIA,0.129778,0.400000,0.700000,0.550000,0.500000
551,PNEUMONIA,0.057322,0.400000,0.500000,0.500000,0.680000
552,PNEUMONIA,0.138092,0.600000,0.500000,0.550000,0.580000
553,PNEUMONIA,0.133106,0.600000,0.600000,0.700000,0.840000
554,PNEUMONIA,0.104500,0.600000,0.600000,0.700000,0.740000
555,PNEUMONIA,0.153501,0.400000,0.400000,0.500000,0.720000
556,PNEUMONIA,0.133120,0.600000,0.800000,0.700000,0.720000
557,PNEUMONIA,0.129449,0.600000,0.300000,0.450000,0.640000
558,PNEUMONIA,0.152116,0.800000,1.000000,0.750000,0.840000
559,PNEUMONIA,0.145869,0.600000,0.700000,0.700000,0.840000
560,PNEUMONIA,0.123278,0.200000,0.400000,0.600000,0.660000
561,PNEUMONIA,0.096623,0.400000,0.600000,0.700000,0.840000
562,PNEUMONIA,0.080200,0.800000,0.500000,0.700000,0.500000
563,PNEUMONIA,0.138756,0.400000,0.500000,0.600000,0.680000
564,PNEUMONIA,0.144048,0.800000,0.800000,0.850000,0.860000
565,PNEUMONIA,0.122557,0.400000,0.500000,0.800000,0.800000
566,PNEUMONIA,0.154908,0.600000,0.700000,0.600000,0.700000
567,PNEUMONIA,0.082720,0.600000,0.600000,0.400000,0.360000
568,PNEUMONIA,0.160404,0.600000,0.500000,0.550000,0.820000
569,PNEUMONIA,0.139803,0.600000,0.700000,0.900000,0.800000
570,PNEUMONIA,0.146105,0.200000,0.600000,0.700000,0.800000
571,PNEUMONIA,0.149721,0.400000,0.700000,0.700000,0.760000
572,PNEUMONIA,0.099416,1.000000,0.900000,0.850000,0.720000
573,PNEUMONIA,0.123671,0.600000,0.600000,0.700000,0.700000
574,PNEUMONIA,0.133909,0.800000,0.800000,0.750000,0.760000
575,PNEUMONIA,0.159020,0.800000,0.600000,0.700000,0.860000
576,PNEUMONIA,0.052256,0.200000,0.300000,0.450000,0.580000
577,PNEUMONIA,0.144373,0.600000,0.700000,0.750000,0.780000
578,PNEUMONIA,0.161357,0.400000,0.700000,0.600000,0.740000
579,PNEUMONIA,0.135690,0.200000,0.500000,0.850000,0.740000
580,PNEUMONIA,0.147550,0.600000,0.700000,0.900000,0.800000
581,PNEUMONIA,0.119667,0.800000,0.700000,0.800000,0.820000
582,PNEUMONIA,0.122281,0.800000,0.700000,0.750000,0.860000
583,PNEUMONIA,0.138183,0.600000,0.600000,0.750000,0.860000
584,PNEUMONIA,0.132844,0.800000,0.800000,0.650000,0.840000
585,PNEUMONIA,0.145119,0.400000,0.500000,0.600000,0.680000
586,PNEUMONIA,0.142320,0.600000,0.600000,0.750000,0.800000
587,PNEUMONIA,0.069279,0.200000,0.200000,0.300000,0.420000
588,PNEUMONIA,0.138064,0.800000,0.600000,0.400000,0.640000
589,PNEUMONIA,0.142614,0.400000,0.700000,0.650000,0.780000
590,PNEUMONIA,0.085613,0.200000,0.100000,0.250000,0.280000
591,PNEUMONIA,0.134902,0.800000,0.700000,0.800000,0.860000
592,PNEUMONIA,0.138768,0.400000,0.600000,0.650000,0.780000
593,PNEUMONIA,0.072095,0.000000,0.400000,0.400000,0.640000
594,PNEUMONIA,0.135226,0.600000,0.800000,0.750000,0.720000
595,PNEUMONIA,0.121236,0.200000,0.600000,0.800000,0.840000
596,PNEUMONIA,0.135674,0.800000,0.800000,0.800000,0.760000
597,PNEUMONIA,0.143906,0.400000,0.400000,0.750000,0.840000
598,PNEUMONIA,0.146799,0.800000,0.700000,0.600000,0.800000
599,PNEUMONIA,0.141251,0.600000,0.700000,0.650000,0.840000
600,PNEUMONIA,0.148314,0.400000,0.400000,0.550000,0.660000
601,PNEUMONIA,0.121582,0.400000,0.200000,0.400000,0.540000
602,PNEUMONIA,0.150990,0.800000,0.800000,0.850000,0.900000
603,PNEUMONIA,0.155135,0.600000,0.700000,0.650000,0.680000
604,PNEUMONIA,0.150977,0.600000,0.800000,0.600000,0.660000
605,PNEUMONIA,0.051225,0.200000,0.100000,0.300000,0.360000
606,PNEUMONIA,0.139889,0.800000,0.800000,0.800000,0.780000
607,PNEUMONIA,0.057157,0.000000,0.000000,0.000000,0.100000
608,PNEUMONIA,0.113495,0.000000,0.200000,0.400000,0.560000
609,PNEUMONIA,0.046969,0.400000,0.400000,0.600000,0.540000
610,PNEUMONIA,0.146023,0.600000,0.700000,0.600000,0.760000
611,PNEUMONIA,0.156238,0.400000,0.400000,0.350000,0.460000
612,PNEUMONIA,0.152111,0.600000,0.700000,0.700000,0.780000
613,PNEUMONIA,0.155058,0.800000,0.700000,0.850000,0.820000
614,PNEUMONIA,0.118586,0.800000,0.800000,0.700000,0.760000
615,PNEUMONIA,0.105141,0.400000,0.300000,0.450000,0.540000
616,PNEUMONIA,0.153998,0.400000,0.400000,0.500000,0.800000
617,PNEUMONIA,0.040650,0.200000,0.200000,0.300000,0.340000
618,PNEUMONIA,0.091089,0.400000,0.300000,0.450000,0.620000
619,PNEUMONIA,0.160179,0.800000,0.700000,0.800000,0.880000
620,PNEUMONIA,0.136145,0.600000,0.700000,0.700000,0.700000
621,PNEUMONIA,0.144508,0.600000,1.000000,0.900000,0.900000
622,PNEUMONIA,0.135702,0.800000,0.700000,0.800000,0.800000
623,PNEUMONIA,0.040432,0.200000,0.100000,0.150000,0.280000
624,PNEUMONIA,0.162335,0.200000,0.700000,0.850000,0.820000
625,PNEUMONIA,0.152314,0.800000,0.800000,0.850000,0.860000
626,PNEUMONIA,0.138260,0.800000,0.500000,0.700000,0.720000
627,PNEUMONIA,0.144206,0.800000,0.600000,0.850000,0.840000
628,PNEUMONIA,0.147146,0.600000,0.800000,0.600000,0.680000
629,PNEUMONIA,0.052434,0.200000,0.400000,0.450000,0.380000
630,PNEUMONIA,0.126885,0.800000,0.600000,0.900000,0.880000
631,PNEUMONIA,0.089018,0.200000,0.400000,0.350000,0.520000
632,PNEUMONIA,0.152892,0.800000,0.700000,0.650000,0.740000
633,PNEUMONIA,0.068299,0.600000,0.700000,0.500000,0.560000
634,PNEUMONIA,0.072605,0.200000,0.100000,0.250000,0.380000
635,PNEUMONIA,0.104243,0.000000,0.000000,0.000000,0.060000
636,PNEUMONIA,0.053358,0.600000,0.400000,0.500000,0.720000
637,PNEUMONIA,0.148992,0.600000,0.800000,0.750000,0.760000
638,PNEUMONIA,0.147719,0.400000,0.600000,0.700000,0.860000
639,PNEUMONIA,0.152668,0.800000,0.700000,0.850000,0.780000
640,PNEUMONIA,0.130959,1.000000,0.700000,0.650000,0.700000
641,PNEUMONIA,0.109212,0.600000,0.500000,0.450000,0.500000
642,PNEUMONIA,0.131282,0.800000,0.900000,0.850000,0.840000
643,PNEUMONIA,0.146900,0.800000,0.600000,0.650000,0.720000
644,PNEUMONIA,0.149129,0.600000,0.600000,0.750000,0.760000
645,PNEUMONIA,0.123330,0.600000,0.500000,0.650000,0.720000
646,PNEUMONIA,0.149781,0.400000,0.700000,0.700000,0.800000
647,PNEUMONIA,0.143593,0.800000,0.800000,0.850000,0.800000
648,PNEUMONIA,0.131032,0.600000,0.700000,0.850000,0.900000
649,PNEUMONIA,0.146464,0.800000,1.000000,0.900000,0.840000
650,PNEUMONIA,0.132210,0.400000,0.800000,0.750000,0.720000
651,PNEUMONIA,0.150558,0.200000,0.300000,0.700000,0.680000
652,PNEUMONIA,0.144133,0.200000,0.400000,0.400000,0.620000
653,PNEUMONIA,0.145641,0.400000,0.600000,0.850000,0.840000
654,PNEUMONIA,0.133485,0.400000,0.700000,0.750000,0.840000
655,PNEUMONIA,0.140686,0.600000,0.800000,0.750000,0.860000
656,PNEUMONIA,0.148716,0.600000,0.500000,0.600000,0.820000
657,PNEUMONIA,0.158807,0.000000,0.400000,0.500000,0.660000
658,PNEUMONIA,0.160797,0.200000,0.600000,0.600000,0.740000
659,PNEUMONIA,0.157128,0.800000,0.800000,0.750000,0.820000
660,PNEUMONIA,0.160768,0.400000,0.500000,0.650000,0.640000
661,PNEUMONIA,0.144365,0.600000,0.600000,0.850000,0.820000
662,PNEUMONIA,0.131166,0.400000,0.500000,0.300000,0.660000
663,PNEUMONIA,0.090015,0.200000,0.500000,0.500000,0.540000
664,PNEUMONIA,0.142073,0.800000,0.700000,0.600000,0.700000
665,PNEUMONIA,0.148796,0.600000,0.600000,0.650000,0.720000
666,PNEUMONIA,0.119317,0.800000,0.700000,0.800000,0.860000
667,PNEUMONIA,0.128591,0.800000,0.700000,0.750000,0.860000
668,PNEUMONIA,0.129019,0.800000,0.600000,0.900000,0.860000
669,PNEUMONIA,0.126265,0.800000,0.600000,0.850000,0.860000
670,PNEUMONIA,0.158979,0.600000,0.600000,0.700000,0.700000
671,PNEUMONIA,0.148466,0.600000,0.500000,0.450000,0.600000
672,PNEUMONIA,0.087216,0.000000,0.200000,0.500000,0.400000
673,PNEUMONIA,0.046450,0.000000,0.100000,0.350000,0.520000
674,PNEUMONIA,0.135103,0.800000,0.500000,0.600000,0.720000
675,PNEUMONIA,0.135190,0.600000,0.700000,0.700000,0.660000
676,PNEUMONIA,0.172845,0.800000,0.800000,0.500000,0.700000
677,PNEUMONIA,0.147843,0.800000,0.900000,0.800000,0.780000
678,PNEUMONIA,0.109135,0.800000,0.500000,0.600000,0.800000
679,PNEUMONIA,0.068034,0.200000,0.600000,0.600000,0.640000
680,PNEUMONIA,0.145994,1.000000,0.800000,0.700000,0.760000
681,PNEUMONIA,0.073197,0.200000,0.300000,0.200000,0.220000
682,PNEUMONIA,0.154257,0.800000,0.800000,0.700000,0.760000
683,PNEUMONIA,0.143625,0.600000,0.700000,0.800000,0.820000
684,PNEUMONIA,0.155559,0.400000,0.500000,0.550000,0.580000
685,PNEUMONIA,0.135883,1.000000,0.800000,0.650000,0.860000
686,PNEUMONIA,0.105265,0.200000,0.600000,0.550000,0.600000
687,PNEUMONIA,0.094698,1.000000,0.800000,0.850000,0.760000
688,PNEUMONIA,0.121792,0.600000,0.800000,0.700000,0.720000
689,PNEUMONIA,0.161602,0.600000,0.900000,0.750000,0.800000
690,PNEUMONIA,0.093844,0.200000,0.600000,0.500000,0.660000
691,PNEUMONIA,0.103916,1.000000,0.600000,0.600000,0.540000
692,PNEUMONIA,0.114472,0.600000,0.800000,0.700000,0.800000
693,PNEUMONIA,0.137378,1.000000,0.700000,0.850000,0.740000
694,PNEUMONIA,0.144965,1.000000,0.600000,0.700000,0.880000
695,PNEUMONIA,0.114453,0.800000,1.000000,0.750000,0.880000
696,PNEUMONIA,0.132193,0.400000,0.700000,0.850000,0.840000
697,PNEUMONIA,0.114655,0.600000,0.800000,0.500000,0.320000
698,PNEUMONIA,0.176546,0.800000,0.500000,0.550000,0.700000
699,PNEUMONIA,0.150621,0.600000,0.600000,0.650000,0.740000
700,PNEUMONIA,0.131402,0.600000,0.500000,0.800000,0.700000
701,PNEUMONIA,0.141716,0.400000,0.500000,0.650000,0.800000
702,PNEUMONIA,0.142858,0.600000,0.700000,0.850000,0.800000
703,PNEUMONIA,0.063394,0.600000,0.600000,0.700000,0.700000
704,PNEUMONIA,0.139547,0.600000,0.700000,0.650000,0.660000
705,PNEUMONIA,0.139554,0.600000,0.700000,0.750000,0.820000
706,PNEUMONIA,0.119027,0.600000,0.900000,0.650000,0.740000
707,PNEUMONIA,0.149223,0.600000,0.600000,0.650000,0.740000
708,PNEUMONIA,0.140042,0.800000,0.800000,0.850000,0.860000
709,PNEUMONIA,0.136411,0.400000,0.600000,0.650000,0.760000
710,PNEUMONIA,0.151367,0.800000,0.800000,0.850000,0.820000
711,PNEUMONIA,0.132774,0.600000,0.800000,0.650000,0.740000
712,PNEUMONIA,0.145459,0.600000,0.700000,0.400000,0.600000
713,PNEUMONIA,0.126461,0.800000,0.900000,0.800000,0.920000
714,PNEUMONIA,0.133512,0.600000,0.800000,0.800000,0.860000
715,PNEUMONIA,0.136613,0.600000,0.900000,0.800000,0.760000
716,PNEUMONIA,0.104662,0.800000,0.600000,0.650000,0.640000
717,PNEUMONIA,0.146883,0.400000,0.600000,0.650000,0.640000
718,PNEUMONIA,0.131844,0.800000,0.700000,0.800000,0.820000
719,PNEUMONIA,0.129279,0.600000,0.700000,0.900000,0.840000
720,PNEUMONIA,0.168968,0.600000,0.600000,0.800000,0.700000
721,PNEUMONIA,0.147849,0.400000,0.400000,0.600000,0.760000
722,PNEUMONIA,0.133298,0.600000,0.600000,0.700000,0.840000
723,PNEUMONIA,0.140198,0.600000,0.900000,0.800000,0.840000
724,PNEUMONIA,0.141311,0.600000,0.500000,0.600000,0.680000
725,PNEUMONIA,0.141791,0.400000,0.600000,0.600000,0.780000
726,PNEUMONIA,0.148522,0.600000,0.600000,0.750000,0.760000
727,PNEUMONIA,0.132333,0.800000,0.700000,0.750000,0.840000
728,PNEUMONIA,0.089535,0.600000,0.500000,0.500000,0.620000
729,PNEUMONIA,0.136441,0.600000,0.800000,0.900000,0.820000
730,PNEUMONIA,0.149238,0.800000,0.500000,0.850000,0.820000
731,PNEUMONIA,0.122093,0.800000,0.800000,0.850000,0.780000
732,PNEUMONIA,0.136845,0.400000,0.700000,0.650000,0.700000
733,PNEUMONIA,0.162768,0.600000,0.600000,0.800000,0.720000
734,PNEUMONIA,0.101505,1.000000,0.600000,0.650000,0.800000
735,PNEUMONIA,0.043032,0.400000,0.500000,0.650000,0.780000
736,PNEUMONIA,0.058705,0.400000,0.400000,0.250000,0.360000
737,PNEUMONIA,0.125090,1.000000,0.700000,0.750000,0.660000
738,PNEUMONIA,0.057682,0.800000,0.500000,0.500000,0.500000
739,PNEUMONIA,0.141516,0.600000,0.900000,0.750000,0.880000
740,PNEUMONIA,0.084516,0.400000,0.400000,0.350000,0.340000
741,PNEUMONIA,0.140166,0.600000,0.700000,0.800000,0.860000
742,PNEUMONIA,0.126344,0.800000,0.700000,0.850000,0.840000
743,PNEUMONIA,0.060957,0.600000,0.500000,0.750000,0.800000
744,PNEUMONIA,0.083778,0.400000,0.200000,0.250000,0.480000
745,PNEUMONIA,0.141167,0.800000,0.700000,0.900000,0.900000
746,PNEUMONIA,0.138186,0.800000,0.800000,0.900000,0.820000
747,PNEUMONIA,0.060952,0.600000,0.600000,0.600000,0.640000
748,PNEUMONIA,0.144348,0.800000,0.700000,0.700000,0.720000
749,PNEUMONIA,0.141276,0.600000,0.700000,0.750000,0.680000
750,PNEUMONIA,0.158360,0.800000,0.600000,0.550000,0.640000
751,PNEUMONIA,0.098336,0.600000,0.700000,0.800000,0.820000
752,PNEUMONIA,0.140165,0.600000,0.700000,0.700000,0.860000
753,PNEUMONIA,0.139617,0.800000,0.700000,0.800000,0.860000
754,PNEUMONIA,0.127540,0.800000,0.800000,0.900000,0.840000
755,PNEUMONIA,0.134145,0.600000,0.800000,0.750000,0.800000
756,PNEUMONIA,0.156798,0.600000,0.500000,0.700000,0.800000
757,PNEUMONIA,0.170816,0.800000,0.600000,0.550000,0.520000
758,PNEUMONIA,0.119858,0.400000,0.600000,0.550000,0.660000
759,PNEUMONIA,0.102327,0.800000,0.600000,0.650000,0.880000
760,PNEUMONIA,0.118115,0.800000,0.500000,0.900000,0.900000
761,PNEUMONIA,0.065454,0.600000,0.700000,0.650000,0.700000
762,PNEUMONIA,0.142249,0.400000,0.500000,0.550000,0.700000
763,PNEUMONIA,0.142449,0.800000,0.900000,0.800000,0.800000
764,PNEUMONIA,0.110246,0.800000,0.500000,0.550000,0.640000
765,PNEUMONIA,0.132284,0.600000,0.600000,0.550000,0.700000
766,PNEUMONIA,0.115130,0.400000,0.600000,0.700000,0.740000
767,PNEUMONIA,0.148454,0.600000,0.500000,0.500000,0.720000
768,PNEUMONIA,0.125644,0.400000,0.600000,0.600000,0.600000
769,PNEUMONIA,0.137347,0.600000,0.700000,0.600000,0.600000
770,PNEUMONIA,0.133840,0.800000,0.600000,0.800000,0.720000
771,PNEUMONIA,0.137425,0.400000,0.700000,0.750000,0.840000
772,PNEUMONIA,0.140228,0.800000,1.000000,0.850000,0.920000
773,PNEUMONIA,0.082838,0.200000,0.500000,0.600000,0.640000
774,PNEUMONIA,0.138097,0.600000,0.700000,0.750000,0.660000
775,PNEUMONIA,0.156202,0.800000,0.900000,0.900000,0.800000
776,PNEUMONIA,0.087342,0.400000,0.600000,0.600000,0.540000
777,PNEUMONIA,0.151911,0.800000,0.500000,0.650000,0.740000
778,PNEUMONIA,0.137799,0.800000,0.800000,0.650000,0.820000
779,PNEUMONIA,0.143188,0.400000,0.700000,0.800000,0.860000
780,PNEUMONIA,0.148161,0.600000,0.700000,0.650000,0.820000
781,PNEUMONIA,0.133256,0.600000,0.800000,0.850000,0.860000
782,PNEUMONIA,0.133077,0.600000,0.600000,0.650000,0.740000
783,PNEUMONIA,0.148164,1.000000,0.900000,0.900000,0.880000
784,PNEUMONIA,0.158462,0.600000,0.400000,0.350000,0.580000
785,PNEUMONIA,0.151198,0.400000,0.400000,0.650000,0.660000
786,PNEUMONIA,0.139152,0.600000,0.500000,0.700000,0.760000
787,PNEUMONIA,0.058858,0.200000,0.300000,0.350000,0.420000
788,PNEUMONIA,0.109150,0.800000,0.700000,0.700000,0.800000
789,PNEUMONIA,0.130810,0.400000,0.700000,0.700000,0.860000
790,PNEUMONIA,0.139308,0.800000,0.800000,0.850000,0.900000
791,PNEUMONIA,0.133749,0.600000,0.800000,0.650000,0.680000
792,PNEUMONIA,0.143954,0.800000,0.700000,0.700000,0.780000
793,PNEUMONIA,0.125909,0.800000,0.700000,0.750000,0.800000
794,PNEUMONIA,0.126015,0.800000,0.600000,0.750000,0.820000
795,PNEUMONIA,0.116422,0.600000,0.900000,0.750000,0.820000
796,PNEUMONIA,0.148874,0.800000,0.900000,0.800000,0.800000
797,PNEUMONIA,0.157453,0.400000,0.800000,0.800000,0.720000
798,PNEUMONIA,0.136272,0.600000,0.500000,0.850000,0.740000
799,PNEUMONIA,0.144209,0.800000,0.700000,0.800000,0.880000
800,PNEUMONIA,0.129694,0.400000,0.700000,0.750000,0.840000
801,PNEUMONIA,0.134323,0.600000,0.700000,0.750000,0.820000
802,PNEUMONIA,0.138167,0.600000,0.800000,0.750000,0.760000
803,PNEUMONIA,0.168611,0.600000,0.600000,0.750000,0.920000
804,PNEUMONIA,0.160914,0.400000,0.500000,0.750000,0.700000
805,PNEUMONIA,0.154888,0.600000,0.700000,0.900000,0.820000
806,PNEUMONIA,0.108000,0.600000,0.600000,0.650000,0.700000
807,PNEUMONIA,0.083144,0.400000,0.300000,0.500000,0.680000
808,PNEUMONIA,0.113153,0.600000,0.600000,0.650000,0.520000
809,PNEUMONIA,0.151664,0.200000,0.300000,0.500000,0.800000
810,PNEUMONIA,0.149607,0.800000,1.000000,0.800000,0.800000
811,PNEUMONIA,0.156853,0.600000,0.700000,0.750000,0.700000
812,PNEUMONIA,0.154708,0.800000,0.600000,0.750000,0.800000
813,PNEUMONIA,0.153049,0.600000,0.900000,0.700000,0.820000
814,PNEUMONIA,0.135289,0.800000,0.800000,0.900000,0.820000
815,PNEUMONIA,0.069315,0.200000,0.100000,0.250000,0.120000
816,PNEUMONIA,0.164956,0.600000,0.700000,0.750000,0.740000
817,PNEUMONIA,0.119414,0.200000,0.300000,0.200000,0.400000
818,PNEUMONIA,0.149425,0.600000,0.500000,0.850000,0.760000
819,PNEUMONIA,0.144568,0.000000,0.700000,0.850000,0.800000
820,PNEUMONIA,0.147333,0.800000,0.800000,0.750000,0.820000
821,PNEUMONIA,0.147640,0.600000,0.800000,0.600000,0.760000
822,PNEUMONIA,0.137963,0.800000,0.800000,0.800000,0.880000
823,PNEUMONIA,0.155659,0.600000,0.700000,0.850000,0.820000
824,PNEUMONIA,0.148421,0.800000,0.800000,0.750000,0.820000
825,PNEUMONIA,0.151902,0.800000,0.900000,0.900000,0.840000
826,PNEUMONIA,0.133453,0.800000,0.800000,0.700000,0.800000
827,PNEUMONIA,0.154167,1.000000,0.700000,0.600000,0.660000
828,PNEUMONIA,0.036806,0.000000,0.100000,0.300000,0.460000
829,PNEUMONIA,0.148776,0.600000,0.600000,0.750000,0.820000
830,PNEUMONIA,0.110729,0.200000,0.400000,0.450000,0.460000
831,PNEUMONIA,0.082308,0.600000,0.400000,0.650000,0.660000
832,PNEUMONIA,0.150035,0.600000,0.700000,0.800000,0.740000
833,PNEUMONIA,0.148340,0.800000,0.800000,0.800000,0.800000
834,PNEUMONIA,0.163419,0.600000,0.600000,0.750000,0.740000
835,PNEUMONIA,0.104608,0.600000,0.600000,0.750000,0.860000
836,PNEUMONIA,0.129840,0.800000,0.800000,0.750000,0.820000
837,PNEUMONIA,0.155212,0.800000,0.500000,0.700000,0.780000
838,PNEUMONIA,0.147178,0.600000,0.600000,0.750000,0.760000
839,PNEUMONIA,0.136655,0.600000,0.500000,0.650000,0.700000
840,PNEUMONIA,0.172454,0.600000,0.400000,0.550000,0.640000
841,PNEUMONIA,0.179418,0.400000,0.500000,0.550000,0.640000
842,PNEUMONIA,0.110499,0.800000,0.800000,0.800000,0.820000
843,PNEUMONIA,0.154604,0.800000,0.700000,0.950000,0.880000
844,PNEUMONIA,0.136057,0.600000,0.500000,0.900000,0.820000
845,PNEUMONIA,0.154162,0.200000,0.400000,0.400000,0.520000
846,PNEUMONIA,0.163803,0.200000,0.500000,0.700000,0.780000
847,PNEUMONIA,0.139099,0.800000,0.700000,0.900000,0.820000
848,PNEUMONIA,0.154140,0.800000,0.600000,0.700000,0.800000
849,PNEUMONIA,0.167747,0.600000,0.400000,0.600000,0.800000
850,PNEUMONIA,0.129630,0.800000,0.800000,0.950000,0.900000
851,PNEUMONIA,0.071455,0.600000,0.700000,0.650000,0.800000
852,PNEUMONIA,0.128846,0.400000,0.800000,0.700000,0.880000
853,PNEUMONIA,0.112382,0.800000,0.600000,0.750000,0.800000
854,PNEUMONIA,0.140429,0.800000,0.700000,0.850000,0.800000
855,PNEUMONIA,0.078261,0.000000,0.200000,0.100000,0.220000
856,PNEUMONIA,0.110595,0.800000,0.800000,0.850000,0.820000
857,PNEUMONIA,0.152244,0.400000,0.600000,0.700000,0.760000
858,PNEUMONIA,0.130452,0.600000,0.700000,0.700000,0.780000
859,PNEUMONIA,0.125313,0.800000,0.900000,0.900000,0.900000
860,PNEUMONIA,0.126049,1.000000,0.900000,0.800000,0.880000
861,PNEUMONIA,0.131805,1.000000,0.900000,0.850000,0.840000
862,PNEUMONIA,0.137133,1.000000,0.800000,0.800000,0.900000
863,PNEUMONIA,0.134811,0.800000,0.900000,0.900000,0.900000
864,PNEUMONIA,0.140677,0.800000,0.800000,0.700000,0.780000
865,PNEUMONIA,0.151498,0.600000,1.000000,0.850000,0.820000
866,PNEUMONIA,0.064357,0.600000,0.800000,0.750000,0.720000
867,PNEUMONIA,0.144317,0.800000,0.800000,0.850000,0.840000
868,PNEUMONIA,0.146069,0.600000,0.500000,0.850000,0.820000
869,PNEUMONIA,0.131619,0.800000,0.900000,0.850000,0.760000
870,PNEUMONIA,0.160093,0.600000,0.600000,0.600000,0.680000
871,PNEUMONIA,0.080719,0.600000,0.700000,0.700000,0.860000
872,PNEUMONIA,0.143720,0.800000,0.800000,0.600000,0.800000
873,PNEUMONIA,0.140166,0.200000,0.600000,0.500000,0.840000
874,PNEUMONIA,0.141055,0.600000,0.600000,0.600000,0.680000
875,PNEUMONIA,0.140694,0.400000,0.800000,0.750000,0.760000
876,PNEUMONIA,0.070143,0.600000,0.700000,0.650000,0.780000
877,PNEUMONIA,0.141565,0.400000,0.600000,0.800000,0.720000
878,PNEUMONIA,0.158526,0.400000,0.400000,0.650000,0.820000
879,PNEUMONIA,0.151450,0.800000,0.600000,0.600000,0.780000
880,PNEUMONIA,0.098312,0.600000,0.400000,0.550000,0.720000
881,PNEUMONIA,0.144681,0.800000,0.700000,0.700000,0.700000
882,PNEUMONIA,0.121182,0.200000,0.100000,0.450000,0.560000
883,PNEUMONIA,0.162442,1.000000,0.700000,0.700000,0.640000
884,PNEUMONIA,0.044301,0.600000,0.500000,0.550000,0.640000
885,PNEUMONIA,0.142253,0.600000,0.600000,0.600000,0.580000
886,PNEUMONIA,0.166727,0.400000,0.700000,0.650000,0.740000
887,PNEUMONIA,0.153190,0.800000,0.800000,0.800000,0.780000
888,PNEUMONIA,0.156217,0.600000,0.600000,0.750000,0.680000
889,PNEUMONIA,0.139190,0.800000,0.900000,0.950000,0.900000
890,PNEUMONIA,0.135910,0.800000,0.800000,0.700000,0.840000
891,PNEUMONIA,0.126505,0.800000,0.800000,0.800000,0.840000
892,PNEUMONIA,0.147886,0.600000,0.900000,0.850000,0.780000
893,PNEUMONIA,0.147852,0.400000,0.400000,0.650000,0.760000
894,PNEUMONIA,0.090890,0.200000,0.200000,0.400000,0.620000
895,PNEUMONIA,0.150834,0.800000,0.800000,0.850000,0.720000
896,PNEUMONIA,0.132383,0.600000,0.700000,0.800000,0.840000
897,PNEUMONIA,0.139006,0.600000,0.800000,0.900000,0.800000
898,PNEUMONIA,0.090536,0.800000,0.600000,0.650000,0.580000
899,PNEUMONIA,0.090536,0.800000,0.600000,0.650000,0.580000
900,PNEUMONIA,0.131551,0.800000,0.700000,0.850000,0.800000
901,PNEUMONIA,0.126925,0.400000,0.800000,0.700000,0.680000
902,PNEUMONIA,0.161981,0.400000,0.700000,0.800000,0.760000
903,PNEUMONIA,0.135206,0.600000,0.700000,0.800000,0.800000
904,PNEUMONIA,0.136092,0.800000,0.800000,0.750000,0.740000
905,PNEUMONIA,0.121943,0.600000,0.700000,0.750000,0.840000
906,PNEUMONIA,0.138933,1.000000,0.700000,0.900000,0.800000
907,PNEUMONIA,0.087425,0.400000,0.400000,0.550000,0.740000
908,PNEUMONIA,0.120330,0.200000,0.500000,0.550000,0.640000
909,PNEUMONIA,0.148065,0.600000,0.700000,0.750000,0.780000
910,PNEUMONIA,0.164088,0.800000,0.800000,0.550000,0.680000
911,PNEUMONIA,0.120974,0.600000,0.800000,0.700000,0.840000
912,PNEUMONIA,0.168044,0.200000,0.600000,0.600000,0.720000
913,PNEUMONIA,0.141739,0.800000,0.900000,0.950000,0.840000
914,PNEUMONIA,0.091832,0.400000,0.400000,0.600000,0.640000
915,PNEUMONIA,0.151588,0.400000,0.900000,0.900000,0.780000
916,PNEUMONIA,0.064444,0.600000,0.400000,0.550000,0.580000
917,PNEUMONIA,0.134151,0.800000,0.700000,0.800000,0.920000
918,PNEUMONIA,0.150656,0.400000,0.500000,0.700000,0.760000
919,PNEUMONIA,0.143480,0.600000,0.500000,0.450000,0.640000
920,PNEUMONIA,0.079465,0.400000,0.400000,0.450000,0.620000
921,PNEUMONIA,0.073955,0.400000,0.200000,0.250000,0.280000
922,PNEUMONIA,0.110618,0.600000,0.800000,0.650000,0.640000
923,PNEUMONIA,0.157406,0.800000,0.600000,0.600000,0.860000
924,PNEUMONIA,0.142781,0.600000,0.800000,0.800000,0.760000
925,PNEUMONIA,0.140137,1.000000,0.900000,0.900000,0.860000
926,PNEUMONIA,0.172925,0.800000,0.700000,0.850000,0.780000
927,PNEUMONIA,0.124831,1.000000,0.700000,0.800000,0.780000
928,PNEUMONIA,0.147862,1.000000,0.700000,0.850000,0.840000
929,PNEUMONIA,0.157918,0.600000,0.900000,0.650000,0.820000
930,PNEUMONIA,0.152463,0.800000,0.900000,0.650000,0.780000
931,PNEUMONIA,0.149110,0.600000,0.800000,0.800000,0.800000
932,PNEUMONIA,0.134544,0.800000,0.800000,0.800000,0.860000
933,PNEUMONIA,0.153095,0.600000,0.700000,0.600000,0.780000
934,PNEUMONIA,0.168055,0.200000,0.300000,0.500000,0.680000
935,PNEUMONIA,0.077269,0.600000,0.500000,0.600000,0.840000
936,PNEUMONIA,0.150536,0.600000,0.800000,0.600000,0.800000
937,PNEUMONIA,0.127901,0.600000,0.600000,0.800000,0.800000
938,PNEUMONIA,0.137051,0.800000,0.800000,0.650000,0.720000
939,PNEUMONIA,0.151434,0.600000,0.500000,0.750000,0.700000
940,PNEUMONIA,0.112371,0.800000,0.900000,0.850000,0.760000
941,PNEUMONIA,0.146685,0.800000,0.600000,0.850000,0.800000
942,PNEUMONIA,0.146368,0.600000,0.700000,0.750000,0.760000
943,PNEUMONIA,0.142502,0.600000,0.800000,0.800000,0.880000
944,PNEUMONIA,0.150112,0.600000,0.500000,0.750000,0.780000
945,PNEUMONIA,0.140710,0.600000,0.400000,0.450000,0.580000
946,PNEUMONIA,0.139641,0.800000,0.800000,0.700000,0.860000
947,PNEUMONIA,0.134206,0.800000,0.800000,0.850000,0.800000
948,PNEUMONIA,0.134748,0.800000,0.600000,0.800000,0.920000
949,PNEUMONIA,0.141791,0.800000,0.700000,0.850000,0.820000
950,PNEUMONIA,0.108611,0.800000,0.700000,0.750000,0.780000
951,PNEUMONIA,0.167743,0.800000,0.700000,0.800000,0.800000
952,PNEUMONIA,0.177755,0.600000,0.600000,0.650000,0.760000
953,PNEUMONIA,0.129248,1.000000,0.700000,0.800000,0.840000
954,PNEUMONIA,0.146494,0.400000,0.400000,0.450000,0.680000
955,PNEUMONIA,0.144561,0.800000,0.700000,0.600000,0.720000
956,PNEUMONIA,0.177213,0.800000,0.600000,0.650000,0.680000
957,PNEUMONIA,0.161803,0.800000,0.700000,0.750000,0.760000
958,PNEUMONIA,0.165232,0.600000,0.600000,0.800000,0.640000
959,PNEUMONIA,0.137857,0.800000,0.600000,0.800000,0.860000
960,PNEUMONIA,0.086751,0.600000,0.500000,0.750000,0.660000
961,PNEUMONIA,0.157389,1.000000,0.800000,0.650000,0.820000
962,PNEUMONIA,0.142112,0.400000,0.700000,0.750000,0.820000
963,PNEUMONIA,0.123722,0.600000,0.800000,0.650000,0.780000
964,PNEUMONIA,0.159948,0.600000,0.700000,0.700000,0.700000
965,PNEUMONIA,0.136946,0.600000,0.800000,0.800000,0.800000
966,PNEUMONIA,0.138222,0.800000,0.700000,0.800000,0.840000
967,PNEUMONIA,0.143993,0.800000,0.600000,0.600000,0.740000
968,PNEUMONIA,0.138550,0.600000,0.800000,0.650000,0.860000
969,PNEUMONIA,0.132828,0.800000,0.700000,0.800000,0.800000
970,PNEUMONIA,0.149024,0.400000,0.900000,0.900000,0.780000
971,PNEUMONIA,0.142866,0.800000,0.600000,0.750000,0.780000
972,PNEUMONIA,0.115260,0.600000,0.700000,0.800000,0.800000
973,PNEUMONIA,0.134714,0.600000,0.800000,0.850000,0.800000
974,PNEUMONIA,0.147425,0.400000,0.800000,0.800000,0.820000
975,PNEUMONIA,0.175783,0.800000,0.600000,0.850000,0.680000
976,PNEUMONIA,0.154734,1.000000,0.700000,0.800000,0.860000
977,PNEUMONIA,0.058486,0.200000,0.600000,0.350000,0.440000
978,PNEUMONIA,0.142605,0.600000,0.700000,0.650000,0.760000
979,PNEUMONIA,0.160973,0.800000,0.700000,0.700000,0.720000
980,PNEUMONIA,0.136186,0.400000,0.600000,0.550000,0.600000
981,PNEUMONIA,0.144785,0.800000,0.500000,0.650000,0.740000
982,PNEUMONIA,0.134667,0.200000,0.700000,0.800000,0.860000
983,PNEUMONIA,0.147479,0.800000,0.500000,0.600000,0.720000
984,PNEUMONIA,0.138137,0.800000,0.800000,0.800000,0.840000
985,PNEUMONIA,0.156113,0.800000,0.800000,0.600000,0.680000
986,PNEUMONIA,0.139371,0.800000,0.600000,0.750000,0.640000
987,PNEUMONIA,0.163888,0.600000,0.800000,0.650000,0.780000
988,PNEUMONIA,0.135283,0.600000,0.700000,0.850000,0.840000
989,PNEUMONIA,0.123301,0.600000,0.500000,0.600000,0.700000
990,PNEUMONIA,0.144149,0.400000,0.500000,0.900000,0.800000
991,PNEUMONIA,0.156237,0.400000,0.300000,0.600000,0.860000
992,PNEUMONIA,0.143373,1.000000,0.800000,0.750000,0.720000
993,PNEUMONIA,0.128704,0.600000,0.800000,0.750000,0.760000
994,PNEUMONIA,0.154695,0.800000,0.700000,0.800000,0.720000
995,PNEUMONIA,0.155438,0.400000,0.800000,0.650000,0.820000
996,PNEUMONIA,0.144988,0.400000,0.700000,0.750000,0.800000
997,PNEUMONIA,0.145472,0.800000,0.700000,0.700000,0.740000
998,PNEUMONIA,0.153248,0.400000,0.700000,0.700000,0.860000
999,PNEUMONIA,0.133804,0.800000,0.800000,0.850000,0.880000
1000,PNEUMONIA,0.132568,0.600000,0.900000,0.800000,0.860000
1001,PNEUMONIA,0.142773,1.000000,0.900000,0.950000,0.840000
1002,PNEUMONIA,0.137558,0.800000,0.700000,0.800000,0.820000
1003,PNEUMONIA,0.137840,0.800000,0.600000,0.750000,0.800000
1004,PNEUMONIA,0.127457,0.800000,0.700000,0.700000,0.820000
1005,PNEUMONIA,0.130426,0.800000,0.700000,0.850000,0.840000
1006,PNEUMONIA,0.161469,1.000000,0.700000,0.750000,0.860000
1007,PNEUMONIA,0.163423,0.600000,0.700000,0.850000,0.740000
1008,PNEUMONIA,0.146066,0.600000,0.900000,0.750000,0.900000
1009,PNEUMONIA,0.138476,0.600000,0.700000,0.550000,0.740000
1010,PNEUMONIA,0.131194,0.600000,0.600000,0.650000,0.820000
1011,PNEUMONIA,0.169221,0.600000,0.600000,0.750000,0.780000
1012,PNEUMONIA,0.155338,0.600000,0.700000,0.650000,0.780000
1013,PNEUMONIA,0.074072,0.200000,0.400000,0.550000,0.480000
1014,PNEUMONIA,0.122312,0.600000,0.700000,0.700000,0.780000
1015,PNEUMONIA,0.108617,0.200000,0.500000,0.550000,0.600000
1016,PNEUMONIA,0.099743,0.400000,0.600000,0.750000,0.820000
1017,PNEUMONIA,0.140077,0.800000,0.800000,0.750000,0.860000
1018,PNEUMONIA,0.137591,0.600000,0.700000,0.650000,0.760000
1019,PNEUMONIA,0.133119,0.800000,0.800000,0.850000,0.920000
1020,PNEUMONIA,0.152883,0.400000,0.500000,0.650000,0.720000
1021,PNEUMONIA,0.142950,0.600000,0.600000,0.700000,0.780000
1022,PNEUMONIA,0.143049,0.600000,0.600000,0.750000,0.800000
1023,PNEUMONIA,0.162865,0.600000,0.800000,0.600000,0.760000
1024,PNEUMONIA,0.155640,0.800000,0.600000,0.700000,0.800000
1025,PNEUMONIA,0.138177,1.000000,0.800000,0.850000,0.760000
1026,PNEUMONIA,0.166393,0.600000,0.400000,0.600000,0.700000
1027,PNEUMONIA,0.147675,1.000000,0.800000,0.800000,0.820000
1028,PNEUMONIA,0.144697,0.800000,0.500000,0.600000,0.720000
1029,PNEUMONIA,0.110918,0.400000,0.500000,0.450000,0.560000
1030,PNEUMONIA,0.151382,0.400000,0.500000,0.500000,0.580000
1031,PNEUMONIA,0.087735,0.600000,0.900000,0.800000,0.900000
1032,PNEUMONIA,0.130216,0.400000,0.800000,0.900000,0.840000
1033,PNEUMONIA,0.138883,0.400000,0.500000,0.500000,0.700000
1034,PNEUMONIA,0.097862,0.400000,0.400000,0.600000,0.600000
1035,PNEUMONIA,0.116190,0.800000,0.700000,0.800000,0.680000
1036,PNEUMONIA,0.139305,1.000000,0.700000,0.800000,0.820000
1037,PNEUMONIA,0.173479,0.800000,0.700000,0.600000,0.620000
1038,PNEUMONIA,0.146028,0.800000,0.700000,0.750000,0.800000
1039,PNEUMONIA,0.159207,0.800000,0.800000,0.650000,0.760000
1040,PNEUMONIA,0.135778,0.600000,0.600000,0.750000,0.840000
1041,PNEUMONIA,0.116770,0.200000,0.400000,0.500000,0.680000
1042,PNEUMONIA,0.153808,0.800000,0.600000,0.750000,0.800000
1043,PNEUMONIA,0.128293,0.400000,0.500000,0.600000,0.740000
1044,PNEUMONIA,0.149517,0.800000,0.800000,0.950000,0.780000
1045,PNEUMONIA,0.097126,0.800000,0.800000,0.900000,0.880000
1046,PNEUMONIA,0.159823,0.400000,0.500000,0.700000,0.700000
1047,PNEUMONIA,0.131917,0.400000,0.700000,0.800000,0.680000
1048,PNEUMONIA,0.063570,0.000000,0.300000,0.300000,0.400000
1049,PNEUMONIA,0.143747,0.000000,0.500000,0.550000,0.660000
1050,PNEUMONIA,0.143829,0.800000,0.500000,0.750000,0.880000
1051,PNEUMONIA,0.139569,0.600000,0.700000,0.850000,0.900000
1052,PNEUMONIA,0.152256,0.600000,0.800000,0.600000,0.700000
1053,PNEUMONIA,0.169808,0.400000,0.400000,0.600000,0.640000
1054,PNEUMONIA,0.165790,0.600000,0.700000,0.700000,0.720000
1055,PNEUMONIA,0.159854,0.600000,0.700000,0.800000,0.860000
1056,PNEUMONIA,0.173415,0.600000,0.800000,0.550000,0.840000
1057,PNEUMONIA,0.064092,0.800000,0.600000,0.700000,0.740000
1058,PNEUMONIA,0.096711,0.200000,0.500000,0.650000,0.780000
1059,PNEUMONIA,0.150640,0.800000,0.800000,0.650000,0.720000
1060,PNEUMONIA,0.139308,0.400000,0.900000,0.800000,0.740000
1061,PNEUMONIA,0.068269,0.200000,0.200000,0.100000,0.180000
1062,PNEUMONIA,0.144091,0.400000,0.700000,0.800000,0.820000
1063,PNEUMONIA,0.142857,0.600000,0.800000,0.850000,0.840000
1064,PNEUMONIA,0.158091,0.600000,0.700000,0.600000,0.840000
1065,PNEUMONIA,0.160223,0.400000,0.400000,0.450000,0.480000
1066,PNEUMONIA,0.141529,0.400000,0.500000,0.700000,0.800000
1067,PNEUMONIA,0.095010,0.400000,0.700000,0.750000,0.740000
1068,PNEUMONIA,0.143623,0.600000,0.600000,0.650000,0.760000
1069,PNEUMONIA,0.151451,0.800000,0.600000,0.600000,0.720000
1070,PNEUMONIA,0.090297,0.800000,0.700000,0.800000,0.820000
1071,PNEUMONIA,0.054572,0.200000,0.100000,0.250000,0.220000
1072,PNEUMONIA,0.144453,0.400000,0.700000,0.750000,0.800000
1073,PNEUMONIA,0.176674,0.800000,0.600000,0.600000,0.720000
1074,PNEUMONIA,0.112083,0.400000,0.700000,0.600000,0.540000
1075,PNEUMONIA,0.137376,0.800000,0.900000,0.800000,0.840000
1076,PNEUMONIA,0.143904,0.600000,0.700000,0.750000,0.900000
1077,PNEUMONIA,0.143709,0.600000,0.800000,0.800000,0.740000
1078,PNEUMONIA,0.127660,0.800000,0.800000,0.700000,0.820000
1079,PNEUMONIA,0.138377,0.800000,0.900000,0.800000,0.860000
1080,PNEUMONIA,0.140517,0.200000,0.500000,0.700000,0.700000
1081,PNEUMONIA,0.088445,0.000000,0.300000,0.500000,0.620000
1082,PNEUMONIA,0.146918,1.000000,0.600000,0.500000,0.560000
1083,PNEUMONIA,0.157723,0.200000,0.500000,0.700000,0.720000
1084,PNEUMONIA,0.153193,0.400000,0.500000,0.750000,0.660000
1085,PNEUMONIA,0.141704,0.600000,0.800000,0.750000,0.820000
1086,PNEUMONIA,0.160685,1.000000,0.700000,0.850000,0.860000
1087,PNEUMONIA,0.138710,0.400000,0.800000,0.750000,0.820000
1088,PNEUMONIA,0.150364,0.400000,0.700000,0.600000,0.820000
1089,PNEUMONIA,0.139852,0.200000,0.700000,0.750000,0.820000
1090,PNEUMONIA,0.139893,0.800000,0.600000,0.600000,0.780000
1091,PNEUMONIA,0.155935,0.000000,0.400000,0.500000,0.740000
1092,PNEUMONIA,0.154860,0.400000,0.400000,0.600000,0.660000
1093,PNEUMONIA,0.154127,0.600000,0.800000,0.650000,0.760000
1094,PNEUMONIA,0.173246,0.200000,0.500000,0.700000,0.560000
1095,PNEUMONIA,0.065539,0.000000,0.300000,0.350000,0.520000
1096,PNEUMONIA,0.086085,0.600000,0.600000,0.550000,0.460000
1097,PNEUMONIA,0.055501,0.600000,0.500000,0.600000,0.560000
1098,PNEUMONIA,0.158062,0.800000,0.700000,0.850000,0.780000
1099,PNEUMONIA,0.140567,0.800000,0.900000,0.800000,0.820000
1100,PNEUMONIA,0.129497,0.600000,0.700000,0.700000,0.740000
1101,PNEUMONIA,0.165147,0.400000,0.400000,0.500000,0.660000
1102,PNEUMONIA,0.136860,0.800000,0.800000,0.850000,0.820000
1103,PNEUMONIA,0.160495,0.400000,0.900000,0.800000,0.820000
1104,PNEUMONIA,0.153109,0.800000,0.800000,0.750000,0.840000
1105,PNEUMONIA,0.137125,0.600000,0.900000,0.850000,0.860000
1106,PNEUMONIA,0.100580,0.400000,0.400000,0.650000,0.640000
1107,PNEUMONIA,0.154874,0.800000,0.700000,0.800000,0.740000
1108,PNEUMONIA,0.139051,1.000000,0.700000,0.700000,0.860000
1109,PNEUMONIA,0.142064,0.600000,0.700000,0.800000,0.820000
1110,PNEUMONIA,0.145365,0.800000,0.700000,0.750000,0.800000
1111,PNEUMONIA,0.138177,0.600000,0.700000,0.900000,0.880000
1112,PNEUMONIA,0.134096,0.800000,0.900000,0.800000,0.920000
1113,PNEUMONIA,0.151845,0.800000,0.900000,0.700000,0.760000
1114,PNEUMONIA,0.147666,0.600000,0.700000,0.700000,0.780000
1115,PNEUMONIA,0.152917,0.600000,0.700000,0.650000,0.740000
1116,PNEUMONIA,0.064155,0.200000,0.200000,0.250000,0.560000
1117,PNEUMONIA,0.067093,0.400000,0.400000,0.400000,0.660000
1118,PNEUMONIA,0.100610,0.600000,0.700000,0.800000,0.780000
1119,PNEUMONIA,0.142957,0.400000,0.800000,0.850000,0.820000
1120,PNEUMONIA,0.157305,0.400000,0.600000,0.650000,0.760000
1121,PNEUMONIA,0.202437,0.600000,0.800000,0.700000,0.720000
1122,PNEUMONIA,0.116943,0.600000,1.000000,0.850000,0.840000
1123,PNEUMONIA,0.142218,0.800000,0.800000,0.750000,0.800000
1124,PNEUMONIA,0.141309,0.600000,0.900000,0.900000,0.800000
1125,PNEUMONIA,0.135719,0.800000,0.800000,0.600000,0.760000
1126,PNEUMONIA,0.141516,0.600000,0.800000,0.900000,0.820000
1127,PNEUMONIA,0.145995,0.800000,0.500000,0.850000,0.820000
1128,PNEUMONIA,0.090187,0.000000,0.000000,0.100000,0.120000
1129,PNEUMONIA,0.106050,0.200000,0.600000,0.600000,0.660000
1130,PNEUMONIA,0.152159,0.400000,0.400000,0.650000,0.680000
1131,PNEUMONIA,0.087874,0.400000,0.400000,0.700000,0.760000
1132,PNEUMONIA,0.129488,0.600000,0.600000,0.550000,0.760000
1133,PNEUMONIA,0.140398,0.800000,0.900000,0.800000,0.880000
1134,PNEUMONIA,0.130412,0.800000,0.700000,0.800000,0.840000
1135,PNEUMONIA,0.128762,0.400000,0.700000,0.500000,0.820000
1136,PNEUMONIA,0.160260,0.800000,0.500000,0.550000,0.680000
1137,PNEUMONIA,0.124585,0.800000,0.900000,0.850000,0.780000
1138,PNEUMONIA,0.157487,0.400000,0.700000,0.650000,0.700000
1139,PNEUMONIA,0.136875,0.400000,0.300000,0.450000,0.560000
1140,PNEUMONIA,0.077639,0.400000,0.800000,0.550000,0.780000
1141,PNEUMONIA,0.113165,0.400000,0.700000,0.500000,0.640000
1142,PNEUMONIA,0.149478,0.800000,0.700000,0.700000,0.800000
1143,PNEUMONIA,0.142486,0.600000,0.800000,0.650000,0.720000
1144,PNEUMONIA,0.144324,0.400000,0.400000,0.700000,0.820000
1145,PNEUMONIA,0.120709,0.600000,0.600000,0.950000,0.780000
1146,PNEUMONIA,0.156190,0.600000,0.600000,0.600000,0.780000
1147,PNEUMONIA,0.142343,0.800000,0.800000,0.900000,0.820000
1148,PNEUMONIA,0.139425,0.600000,0.700000,0.850000,0.800000
1149,PNEUMONIA,0.115054,0.600000,0.600000,0.750000,0.840000
1150,PNEUMONIA,0.097483,0.600000,0.700000,0.650000,0.640000
1151,PNEUMONIA,0.156530,0.800000,0.500000,0.650000,0.780000
1152,PNEUMONIA,0.128208,0.400000,0.400000,0.400000,0.500000
1153,PNEUMONIA,0.148369,0.800000,0.800000,0.750000,0.820000
1154,PNEUMONIA,0.153967,0.600000,0.600000,0.600000,0.780000
1155,PNEUMONIA,0.134831,0.800000,0.900000,0.850000,0.880000
1156,PNEUMONIA,0.148738,1.000000,0.800000,0.600000,0.860000
1157,PNEUMONIA,0.142804,0.600000,0.700000,0.750000,0.760000
1158,PNEUMONIA,0.135016,0.400000,0.700000,0.700000,0.780000
1159,PNEUMONIA,0.107765,0.200000,0.500000,0.750000,0.680000
1160,PNEUMONIA,0.134778,0.400000,0.600000,0.750000,0.680000
1161,PNEUMONIA,0.137748,0.600000,0.700000,0.750000,0.860000
1162,PNEUMONIA,0.118949,0.000000,0.000000,0.250000,0.300000
1163,PNEUMONIA,0.133138,0.600000,0.500000,0.650000,0.660000
1164,PNEUMONIA,0.064411,0.600000,0.600000,0.600000,0.700000
1165,PNEUMONIA,0.168720,0.600000,0.600000,0.550000,0.720000
1166,PNEUMONIA,0.147465,1.000000,0.900000,0.850000,0.880000
1167,PNEUMONIA,0.138575,0.800000,0.700000,0.650000,0.740000
1168,PNEUMONIA,0.157121,0.600000,0.900000,0.700000,0.760000
1169,PNEUMONIA,0.163036,0.800000,0.800000,0.800000,0.780000
1170,PNEUMONIA,0.131041,0.800000,0.700000,0.850000,0.820000
1171,PNEUMONIA,0.134574,0.800000,0.800000,0.850000,0.920000
1172,PNEUMONIA,0.147744,0.800000,0.800000,0.600000,0.820000
1173,PNEUMONIA,0.119056,0.600000,0.600000,0.650000,0.820000
1174,PNEUMONIA,0.066067,0.600000,0.500000,0.450000,0.440000
1175,PNEUMONIA,0.101714,0.600000,0.500000,0.550000,0.680000
1176,PNEUMONIA,0.117179,0.200000,0.500000,0.800000,0.780000
1177,PNEUMONIA,0.138075,0.800000,0.800000,0.700000,0.760000
1178,PNEUMONIA,0.083617,0.400000,0.400000,0.450000,0.340000
1179,PNEUMONIA,0.153415,0.400000,0.600000,0.800000,0.780000
1180,PNEUMONIA,0.075013,0.800000,0.700000,0.700000,0.760000
1181,PNEUMONIA,0.169573,0.800000,0.800000,0.900000,0.760000
1182,PNEUMONIA,0.168225,0.200000,0.500000,0.550000,0.760000
1183,PNEUMONIA,0.165306,0.600000,0.600000,0.900000,0.840000
1184,PNEUMONIA,0.143899,0.400000,0.600000,0.400000,0.600000
1185,PNEUMONIA,0.147739,0.600000,0.800000,0.850000,0.820000
1186,PNEUMONIA,0.157558,0.800000,0.600000,0.750000,0.700000
1187,PNEUMONIA,0.167290,0.800000,0.600000,0.600000,0.840000
1188,PNEUMONIA,0.146696,0.600000,0.600000,0.650000,0.780000
1189,PNEUMONIA,0.146153,0.600000,0.600000,0.550000,0.720000
1190,PNEUMONIA,0.147250,0.600000,0.600000,0.550000,0.760000
1191,PNEUMONIA,0.127250,0.600000,0.600000,0.700000,0.800000
1192,PNEUMONIA,0.150149,0.800000,0.800000,0.750000,0.720000
1193,PNEUMONIA,0.137921,0.600000,0.400000,0.750000,0.800000
1194,PNEUMONIA,0.149322,0.800000,0.600000,0.750000,0.660000
1195,PNEUMONIA,0.148122,0.600000,0.600000,0.850000,0.880000
1196,PNEUMONIA,0.166305,0.000000,0.600000,0.450000,0.620000
1197,PNEUMONIA,0.159922,0.600000,0.800000,0.550000,0.640000
1198,PNEUMONIA,0.143633,0.600000,0.600000,0.650000,0.740000
1199,PNEUMONIA,0.149639,0.600000,0.600000,0.750000,0.720000
1200,PNEUMONIA,0.139969,0.600000,0.600000,0.650000,0.520000
1201,PNEUMONIA,0.132467,0.600000,0.700000,0.850000,0.840000
1202,PNEUMONIA,0.126103,0.600000,0.500000,0.500000,0.580000
1203,PNEUMONIA,0.143124,1.000000,0.800000,0.650000,0.840000
1204,PNEUMONIA,0.134047,0.600000,0.500000,0.650000,0.820000
1205,PNEUMONIA,0.139195,0.400000,0.400000,0.450000,0.740000
1206,PNEUMONIA,0.098758,1.000000,0.700000,0.750000,0.780000
1207,PNEUMONIA,0.127657,0.600000,0.800000,0.700000,0.860000
1208,PNEUMONIA,0.147011,0.400000,0.700000,0.750000,0.880000
1209,PNEUMONIA,0.131557,0.400000,0.600000,0.600000,0.540000
1210,PNEUMONIA,0.140937,0.400000,0.500000,0.600000,0.680000
1211,PNEUMONIA,0.171836,0.200000,0.500000,0.500000,0.740000
1212,PNEUMONIA,0.153140,0.400000,0.700000,0.700000,0.820000
1213,PNEUMONIA,0.139995,0.400000,0.500000,0.750000,0.720000
1214,PNEUMONIA,0.167900,0.800000,0.900000,0.850000,0.820000
1215,PNEUMONIA,0.107842,0.800000,0.800000,0.750000,0.820000
1216,PNEUMONIA,0.140809,0.600000,0.700000,0.800000,0.920000
1217,PNEUMONIA,0.148763,0.800000,0.700000,0.750000,0.740000
1218,PNEUMONIA,0.146991,0.800000,0.700000,0.700000,0.840000
1219,PNEUMONIA,0.125435,0.800000,0.800000,0.700000,0.780000
1220,PNEUMONIA,0.125164,0.600000,0.600000,0.800000,0.860000
1221,PNEUMONIA,0.130913,0.800000,0.500000,0.700000,0.700000
1222,PNEUMONIA,0.101309,0.400000,0.600000,0.700000,0.680000
1223,PNEUMONIA,0.132824,0.600000,0.700000,0.700000,0.640000
1224,PNEUMONIA,0.154023,0.400000,0.500000,0.800000,0.780000
1225,PNEUMONIA,0.134672,0.400000,0.500000,0.850000,0.860000
1226,PNEUMONIA,0.155485,0.400000,0.300000,0.450000,0.580000
1227,PNEUMONIA,0.157573,0.800000,0.600000,0.750000,0.740000
1228,PNEUMONIA,0.132810,0.600000,0.900000,0.700000,0.920000
1229,PNEUMONIA,0.128351,0.600000,0.700000,0.700000,0.840000
1230,PNEUMONIA,0.141927,0.600000,0.600000,0.800000,0.660000
1231,PNEUMONIA,0.135269,0.600000,0.600000,0.750000,0.740000
1232,PNEUMONIA,0.125210,0.400000,0.500000,0.650000,0.780000
1233,PNEUMONIA,0.130015,0.600000,0.800000,0.950000,0.900000
1234,PNEUMONIA,0.128336,0.400000,0.300000,0.450000,0.780000
1235,PNEUMONIA,0.106442,0.200000,0.700000,0.700000,0.720000
1236,PNEUMONIA,0.140355,0.600000,0.700000,0.700000,0.820000
1237,PNEUMONIA,0.139176,0.800000,0.800000,0.800000,0.800000
1238,PNEUMONIA,0.140772,0.600000,0.700000,0.700000,0.660000
1239,PNEUMONIA,0.141134,0.800000,0.700000,0.650000,0.900000
1240,PNEUMONIA,0.119426,0.600000,0.800000,0.750000,0.820000
1241,PNEUMONIA,0.106907,0.800000,0.500000,0.500000,0.440000
1242,PNEUMONIA,0.143699,0.800000,0.600000,0.700000,0.820000
1243,PNEUMONIA,0.118548,0.800000,0.800000,0.800000,0.800000
1244,PNEUMONIA,0.080753,0.200000,0.200000,0.300000,0.500000
1245,PNEUMONIA,0.139548,0.600000,0.700000,0.800000,0.820000
1246,PNEUMONIA,0.130412,0.600000,0.700000,0.800000,0.840000
1247,PNEUMONIA,0.145134,0.600000,0.500000,0.700000,0.780000
1248,PNEUMONIA,0.142484,0.600000,0.700000,0.800000,0.760000
1249,PNEUMONIA,0.118612,0.800000,0.700000,0.900000,0.860000
1250,PNEUMONIA,0.130063,0.800000,0.800000,0.850000,0.900000
1251,PNEUMONIA,0.102647,0.400000,0.600000,0.750000,0.700000
1252,PNEUMONIA,0.147096,0.600000,0.600000,0.700000,0.880000
1253,PNEUMONIA,0.148801,0.200000,0.300000,0.800000,0.820000
1254,PNEUMONIA,0.143847,0.800000,0.600000,0.650000,0.820000
1255,PNEUMONIA,0.138394,0.600000,0.600000,0.650000,0.720000
1256,PNEUMONIA,0.126414,0.800000,0.800000,0.950000,0.920000
1257,PNEUMONIA,0.138394,0.800000,0.800000,0.750000,0.820000
1258,PNEUMONIA,0.044905,0.000000,0.000000,0.150000,0.200000
1259,PNEUMONIA,0.033996,0.200000,0.300000,0.300000,0.300000
1260,PNEUMONIA,0.133462,0.600000,0.800000,0.800000,0.920000
1261,PNEUMONIA,0.051879,0.600000,0.500000,0.450000,0.500000
1262,PNEUMONIA,0.125384,0.600000,0.800000,0.550000,0.660000
1263,PNEUMONIA,0.153254,0.400000,0.700000,0.800000,0.740000
1264,PNEUMONIA,0.136194,0.800000,0.600000,0.800000,0.880000
1265,PNEUMONIA,0.151466,0.200000,0.200000,0.400000,0.580000
1266,PNEUMONIA,0.106480,0.600000,0.700000,0.650000,0.820000
1267,PNEUMONIA,0.130561,0.600000,0.800000,0.900000,0.780000
1268,PNEUMONIA,0.162009,0.400000,0.400000,0.600000,0.700000
1269,PNEUMONIA,0.160436,0.400000,0.600000,0.500000,0.680000
1270,PNEUMONIA,0.145089,0.200000,0.600000,0.750000,0.780000
1271,PNEUMONIA,0.151079,0.800000,0.500000,0.700000,0.800000
1272,PNEUMONIA,0.141896,0.400000,0.800000,0.750000,0.860000
1273,PNEUMONIA,0.124423,0.600000,0.800000,0.700000,0.800000
1274,PNEUMONIA,0.136709,1.000000,0.700000,0.700000,0.720000
1275,PNEUMONIA,0.134002,0.600000,0.900000,0.800000,0.780000
1276,PNEUMONIA,0.051800,0.200000,0.200000,0.300000,0.240000
1277,PNEUMONIA,0.109242,0.600000,0.700000,0.450000,0.400000
1278,PNEUMONIA,0.120720,0.800000,0.800000,0.850000,0.880000
1279,PNEUMONIA,0.123369,0.800000,0.600000,0.600000,0.740000
1280,PNEUMONIA,0.148278,0.600000,0.600000,0.700000,0.600000
1281,PNEUMONIA,0.143744,0.600000,0.600000,0.550000,0.820000
1282,PNEUMONIA,0.144695,0.600000,0.800000,0.850000,0.900000
1283,PNEUMONIA,0.108029,0.200000,0.400000,0.350000,0.580000
1284,PNEUMONIA,0.137374,0.400000,0.700000,0.750000,0.860000
1285,PNEUMONIA,0.136924,0.600000,0.800000,0.850000,0.880000
1286,PNEUMONIA,0.090136,0.600000,0.600000,0.700000,0.740000
1287,PNEUMONIA,0.162261,0.600000,0.700000,0.600000,0.560000
1288,PNEUMONIA,0.120237,0.800000,0.700000,0.750000,0.840000
1289,PNEUMONIA,0.150049,0.800000,0.600000,0.750000,0.840000
1290,PNEUMONIA,0.116072,0.400000,0.500000,0.700000,0.640000
1291,PNEUMONIA,0.138716,0.600000,0.600000,0.800000,0.900000
1292,PNEUMONIA,0.123408,0.600000,0.400000,0.500000,0.520000
1293,PNEUMONIA,0.127391,0.400000,0.400000,0.500000,0.720000
1294,PNEUMONIA,0.131396,0.800000,0.600000,0.800000,0.920000
1295,PNEUMONIA,0.161861,0.400000,0.800000,0.650000,0.620000
1296,PNEUMONIA,0.137300,0.800000,0.700000,0.850000,0.880000
1297,PNEUMONIA,0.154132,0.400000,0.800000,0.600000,0.760000
1298,PNEUMONIA,0.128688,0.800000,0.900000,0.750000,0.820000
1299,PNEUMONIA,0.113492,1.000000,0.900000,0.750000,0.760000
1300,PNEUMONIA,0.136895,0.600000,0.700000,0.850000,0.840000
1301,PNEUMONIA,0.152153,0.800000,0.700000,0.750000,0.800000
1302,PNEUMONIA,0.145704,0.600000,0.700000,0.750000,0.780000
1303,PNEUMONIA,0.141627,0.600000,0.800000,0.600000,0.840000
1304,PNEUMONIA,0.099047,0.400000,0.400000,0.700000,0.600000
1305,PNEUMONIA,0.125368,0.600000,0.400000,0.700000,0.700000
1306,PNEUMONIA,0.143686,0.600000,0.500000,0.600000,0.760000
1307,PNEUMONIA,0.160424,0.800000,0.500000,0.700000,0.840000
1308,PNEUMONIA,0.145469,0.800000,0.600000,0.700000,0.720000
1309,PNEUMONIA,0.165949,0.800000,0.700000,0.750000,0.780000
1310,PNEUMONIA,0.150926,0.400000,0.800000,0.700000,0.620000
1311,PNEUMONIA,0.155558,0.800000,0.600000,0.700000,0.640000
1312,PNEUMONIA,0.154003,0.600000,0.500000,0.500000,0.640000
1313,PNEUMONIA,0.144772,0.600000,0.600000,0.800000,0.860000
1314,PNEUMONIA,0.159363,0.600000,0.600000,0.450000,0.760000
1315,PNEUMONIA,0.151921,0.600000,0.800000,0.750000,0.720000
1316,PNEUMONIA,0.147162,0.400000,0.400000,0.650000,0.740000
1317,PNEUMONIA,0.127278,0.400000,0.600000,0.650000,0.800000
1318,PNEUMONIA,0.136079,0.000000,0.300000,0.500000,0.620000
1319,PNEUMONIA,0.116262,0.400000,0.600000,0.600000,0.760000
1320,PNEUMONIA,0.125520,0.400000,0.300000,0.200000,0.440000
1321,PNEUMONIA,0.085297,0.600000,0.900000,0.750000,0.800000
1322,PNEUMONIA,0.137189,0.600000,0.400000,0.400000,0.520000
1323,PNEUMONIA,0.148312,0.400000,0.800000,0.750000,0.680000
1324,PNEUMONIA,0.087558,0.800000,0.600000,0.600000,0.680000
1325,PNEUMONIA,0.150603,0.600000,0.800000,0.800000,0.780000
1326,PNEUMONIA,0.140671,0.800000,0.800000,0.650000,0.780000
1327,PNEUMONIA,0.109217,0.600000,0.900000,0.650000,0.800000
1328,PNEUMONIA,0.148071,0.600000,0.600000,0.800000,0.820000
1329,PNEUMONIA,0.152312,0.800000,0.700000,0.700000,0.700000
1330,PNEUMONIA,0.048090,0.400000,0.400000,0.350000,0.400000
1331,PNEUMONIA,0.135793,0.800000,0.700000,0.600000,0.900000
1332,PNEUMONIA,0.089030,0.600000,0.800000,0.450000,0.420000
1333,PNEUMONIA,0.151658,0.800000,0.600000,0.800000,0.820000
1334,PNEUMONIA,0.078501,0.400000,0.500000,0.600000,0.720000
1335,PNEUMONIA,0.136830,0.800000,0.900000,0.600000,0.640000
1336,PNEUMONIA,0.156860,0.600000,0.500000,0.650000,0.700000
1337,PNEUMONIA,0.141931,1.000000,0.700000,0.700000,0.840000
1338,PNEUMONIA,0.137921,1.000000,0.800000,0.800000,0.820000
1339,PNEUMONIA,0.133304,0.600000,0.400000,0.550000,0.780000
1340,PNEUMONIA,0.127650,0.600000,0.600000,0.750000,0.780000
1341,PNEUMONIA,0.159246,0.400000,0.600000,0.700000,0.700000
1342,PNEUMONIA,0.139367,0.800000,0.800000,0.800000,0.860000
1343,PNEUMONIA,0.148309,0.800000,0.800000,0.650000,0.840000
1344,PNEUMONIA,0.147218,0.600000,0.600000,0.750000,0.700000
1345,PNEUMONIA,0.159184,0.400000,0.700000,0.750000,0.700000
1346,PNEUMONIA,0.073993,0.400000,0.500000,0.650000,0.780000
1347,PNEUMONIA,0.141379,0.600000,0.700000,0.800000,0.860000
1348,PNEUMONIA,0.169546,0.800000,0.800000,0.800000,0.740000
1349,PNEUMONIA,0.145372,0.400000,0.800000,0.850000,0.780000
1350,PNEUMONIA,0.108122,1.000000,0.800000,0.700000,0.680000
1351,PNEUMONIA,0.135506,0.800000,0.700000,0.900000,0.860000
1352,PNEUMONIA,0.140194,0.400000,1.000000,0.900000,0.840000
1353,PNEUMONIA,0.140095,0.800000,0.900000,0.850000,0.860000
1354,PNEUMONIA,0.142580,0.800000,0.700000,0.850000,0.840000
1355,PNEUMONIA,0.112380,0.800000,0.500000,0.800000,0.800000
1356,PNEUMONIA,0.143921,0.400000,0.800000,0.750000,0.700000
1357,PNEUMONIA,0.144652,0.600000,0.900000,0.800000,0.680000
1358,PNEUMONIA,0.168077,0.600000,0.700000,0.700000,0.660000
1359,PNEUMONIA,0.141383,0.400000,0.500000,0.750000,0.780000
1360,PNEUMONIA,0.097417,0.200000,0.500000,0.750000,0.660000
1361,PNEUMONIA,0.148858,0.600000,0.400000,0.650000,0.820000
1362,PNEUMONIA,0.145448,0.800000,0.900000,0.650000,0.740000
1363,PNEUMONIA,0.166521,1.000000,0.900000,0.800000,0.840000
1364,PNEUMONIA,0.154748,0.800000,0.800000,0.750000,0.720000
1365,PNEUMONIA,0.145323,0.800000,0.800000,0.700000,0.680000
1366,PNEUMONIA,0.127071,0.800000,0.900000,0.700000,0.860000
1367,PNEUMONIA,0.153653,0.600000,0.500000,0.700000,0.740000
1368,PNEUMONIA,0.119395,0.600000,0.700000,0.750000,0.900000
1369,PNEUMONIA,0.137377,0.800000,0.900000,0.900000,0.860000
1370,PNEUMONIA,0.131507,0.800000,0.700000,0.750000,0.820000
1371,PNEUMONIA,0.085215,0.600000,0.600000,0.550000,0.560000
1372,PNEUMONIA,0.139909,0.400000,0.800000,0.800000,0.860000
1373,PNEUMONIA,0.148720,0.600000,0.500000,0.700000,0.760000
1374,PNEUMONIA,0.155435,0.400000,0.600000,0.750000,0.760000
1375,PNEUMONIA,0.071756,0.000000,0.000000,0.050000,0.100000
1376,PNEUMONIA,0.153637,0.600000,0.700000,0.700000,0.780000
1377,PNEUMONIA,0.140750,0.400000,0.500000,0.700000,0.660000
1378,PNEUMONIA,0.144363,0.600000,0.700000,0.800000,0.780000
1379,PNEUMONIA,0.136807,1.000000,0.700000,0.850000,0.900000
1380,PNEUMONIA,0.153129,0.600000,0.300000,0.450000,0.760000
1381,PNEUMONIA,0.140511,0.600000,0.900000,0.800000,0.800000
1382,PNEUMONIA,0.109540,0.600000,0.600000,0.800000,0.660000
1383,PNEUMONIA,0.148634,0.200000,0.500000,0.650000,0.740000
1384,PNEUMONIA,0.103625,0.400000,0.600000,0.500000,0.400000
1385,PNEUMONIA,0.155882,0.200000,0.500000,0.850000,0.820000
1386,PNEUMONIA,0.164589,0.400000,0.500000,0.550000,0.620000
1387,PNEUMONIA,0.130197,0.200000,0.200000,0.300000,0.240000
1388,PNEUMONIA,0.112204,0.000000,0.300000,0.550000,0.720000
1389,PNEUMONIA,0.153290,1.000000,0.900000,0.700000,0.840000
1390,PNEUMONIA,0.149995,0.400000,0.500000,0.700000,0.700000
1391,PNEUMONIA,0.143860,0.400000,0.600000,0.500000,0.700000
1392,PNEUMONIA,0.137191,0.000000,0.400000,0.500000,0.580000
1393,PNEUMONIA,0.142513,0.800000,0.700000,0.800000,0.780000
1394,PNEUMONIA,0.098095,0.400000,0.700000,0.550000,0.780000
1395,PNEUMONIA,0.139145,0.800000,0.700000,0.850000,0.840000
1396,PNEUMONIA,0.089691,0.600000,0.800000,0.700000,0.860000
1397,PNEUMONIA,0.152312,0.800000,0.800000,0.700000,0.860000
1398,PNEUMONIA,0.065172,0.200000,0.200000,0.150000,0.380000
1399,PNEUMONIA,0.047093,0.600000,0.400000,0.350000,0.600000
1400,PNEUMONIA,0.121813,0.200000,0.300000,0.350000,0.560000
1401,PNEUMONIA,0.102559,0.600000,0.500000,0.400000,0.540000
1402,PNEUMONIA,0.064600,0.400000,0.600000,0.500000,0.760000
1403,PNEUMONIA,0.031837,0.000000,0.300000,0.350000,0.420000
1404,PNEUMONIA,0.149573,0.800000,0.900000,0.800000,0.800000
1405,PNEUMONIA,0.145503,0.600000,0.700000,0.750000,0.760000
1406,PNEUMONIA,0.123261,0.400000,0.700000,0.650000,0.760000
1407,PNEUMONIA,0.081812,0.000000,0.100000,0.250000,0.340000
1408,PNEUMONIA,0.083246,0.600000,0.800000,0.700000,0.700000
1409,PNEUMONIA,0.138225,0.800000,0.700000,0.850000,0.780000
1410,PNEUMONIA,0.145011,0.800000,0.500000,0.800000,0.740000
1411,PNEUMONIA,0.154420,0.400000,0.800000,0.800000,0.720000
1412,PNEUMONIA,0.150833,0.800000,0.600000,0.850000,0.760000
1413,PNEUMONIA,0.126259,1.000000,0.800000,0.800000,0.740000
1414,PNEUMONIA,0.135628,0.600000,0.800000,0.750000,0.740000
1415,PNEUMONIA,0.134577,0.600000,0.700000,0.700000,0.780000
1416,PNEUMONIA,0.141114,0.800000,0.800000,0.700000,0.780000
1417,PNEUMONIA,0.154159,0.600000,0.600000,0.600000,0.760000
1418,PNEUMONIA,0.155678,0.800000,0.700000,0.600000,0.700000
1419,PNEUMONIA,0.137616,0.800000,0.700000,0.650000,0.800000
1420,PNEUMONIA,0.071933,0.600000,0.600000,0.500000,0.620000
1421,PNEUMONIA,0.136123,0.000000,0.100000,0.300000,0.340000
1422,PNEUMONIA,0.141470,0.600000,0.700000,0.750000,0.720000
1423,PNEUMONIA,0.146926,0.200000,0.300000,0.250000,0.460000
1424,PNEUMONIA,0.117521,0.400000,0.500000,0.550000,0.520000
1425,PNEUMONIA,0.140765,0.800000,0.900000,0.800000,0.820000
1426,PNEUMONIA,0.118338,0.400000,0.800000,0.800000,0.640000
1427,PNEUMONIA,0.116128,0.600000,0.500000,0.650000,0.700000
1428,PNEUMONIA,0.128742,0.600000,0.600000,0.650000,0.640000
1429,PNEUMONIA,0.166501,0.400000,0.600000,0.700000,0.680000
1430,PNEUMONIA,0.137133,0.600000,0.400000,0.550000,0.740000
1431,PNEUMONIA,0.136730,0.800000,0.600000,0.800000,0.860000
1432,PNEUMONIA,0.143832,0.400000,0.600000,0.650000,0.760000
1433,PNEUMONIA,0.150484,0.400000,0.700000,0.750000,0.780000
1434,PNEUMONIA,0.141433,0.600000,0.700000,0.800000,0.840000
1435,PNEUMONIA,0.131419,0.800000,0.800000,0.700000,0.840000
1436,PNEUMONIA,0.140542,0.600000,0.500000,0.500000,0.660000
1437,PNEUMONIA,0.142733,1.000000,0.700000,0.850000,0.840000
1438,PNEUMONIA,0.146398,0.800000,0.500000,0.600000,0.800000
1439,PNEUMONIA,0.137418,0.600000,0.800000,0.800000,0.800000
1440,PNEUMONIA,0.091163,0.200000,0.400000,0.300000,0.720000
1441,PNEUMONIA,0.149866,0.600000,0.600000,0.700000,0.720000
1442,PNEUMONIA,0.172224,0.400000,0.800000,0.850000,0.720000
1443,PNEUMONIA,0.120128,0.800000,0.800000,0.850000,0.840000
1444,PNEUMONIA,0.127862,0.600000,0.800000,0.700000,0.780000
1445,PNEUMONIA,0.141945,0.800000,0.800000,0.850000,0.800000
1446,PNEUMONIA,0.160024,0.600000,0.800000,0.800000,0.820000
1447,PNEUMONIA,0.166078,0.400000,0.600000,0.650000,0.600000
1448,PNEUMONIA,0.132953,0.800000,0.900000,0.650000,0.840000
1449,PNEUMONIA,0.030327,0.200000,0.200000,0.300000,0.320000
1450,PNEUMONIA,0.178163,0.600000,0.500000,0.400000,0.480000
1451,PNEUMONIA,0.148674,0.800000,0.800000,0.700000,0.700000
1452,PNEUMONIA,0.144657,0.600000,0.500000,0.550000,0.680000
1453,PNEUMONIA,0.141607,0.600000,0.800000,0.600000,0.700000
1454,PNEUMONIA,0.061194,0.000000,0.000000,0.150000,0.200000
1455,PNEUMONIA,0.148659,0.600000,0.600000,0.700000,0.740000
1456,PNEUMONIA,0.135448,0.800000,0.500000,0.800000,0.780000
1457,PNEUMONIA,0.133287,0.600000,0.900000,0.700000,0.640000
1458,PNEUMONIA,0.114435,0.200000,0.700000,0.700000,0.780000
1459,PNEUMONIA,0.138143,1.000000,0.600000,0.800000,0.800000
1460,PNEUMONIA,0.143594,0.600000,0.700000,0.700000,0.740000
1461,PNEUMONIA,0.098476,0.800000,0.800000,0.550000,0.600000
1462,PNEUMONIA,0.155304,0.800000,0.700000,0.700000,0.800000
1463,PNEUMONIA,0.133647,0.800000,0.800000,0.750000,0.760000
1464,PNEUMONIA,0.138248,1.000000,0.800000,0.850000,0.820000
1465,PNEUMONIA,0.131736,1.000000,0.800000,0.750000,0.920000
1466,PNEUMONIA,0.031157,0.200000,0.100000,0.100000,0.300000
1467,PNEUMONIA,0.103909,0.600000,0.800000,0.800000,0.760000
1468,PNEUMONIA,0.158678,0.800000,0.700000,0.750000,0.720000
1469,PNEUMONIA,0.160028,0.600000,0.600000,0.600000,0.660000
1470,PNEUMONIA,0.144761,0.400000,0.700000,0.750000,0.640000
1471,PNEUMONIA,0.112475,0.600000,0.600000,0.550000,0.500000
1472,PNEUMONIA,0.074685,1.000000,0.900000,0.750000,0.720000
1473,PNEUMONIA,0.042453,0.200000,0.400000,0.500000,0.480000
1474,PNEUMONIA,0.110904,0.400000,0.600000,0.800000,0.740000
1475,PNEUMONIA,0.116984,0.400000,0.600000,0.550000,0.540000
1476,PNEUMONIA,0.053587,0.200000,0.500000,0.400000,0.540000
1477,PNEUMONIA,0.134065,0.200000,0.700000,0.650000,0.840000
1478,PNEUMONIA,0.124560,0.600000,0.500000,0.700000,0.680000
1479,PNEUMONIA,0.133654,0.600000,0.700000,0.800000,0.860000
1480,PNEUMONIA,0.154347,0.800000,0.700000,0.900000,0.800000
1481,PNEUMONIA,0.141167,0.800000,0.800000,0.800000,0.920000
1482,PNEUMONIA,0.133857,0.600000,0.800000,0.800000,0.820000
1483,PNEUMONIA,0.145069,0.600000,0.800000,0.800000,0.760000
1484,PNEUMONIA,0.126533,0.600000,0.600000,0.700000,0.820000
1485,PNEUMONIA,0.042414,0.400000,0.300000,0.450000,0.380000
1486,PNEUMONIA,0.111056,0.200000,0.500000,0.500000,0.640000
1487,PNEUMONIA,0.143336,0.800000,0.700000,0.750000,0.800000
1488,PNEUMONIA,0.144543,0.600000,0.600000,0.800000,0.880000
1489,PNEUMONIA,0.118256,0.800000,0.800000,0.800000,0.820000
1490,PNEUMONIA,0.117159,0.600000,0.400000,0.650000,0.600000
1491,PNEUMONIA,0.138369,0.600000,0.700000,0.700000,0.840000
1492,PNEUMONIA,0.155589,0.200000,0.300000,0.350000,0.420000
1493,PNEUMONIA,0.112324,0.200000,0.600000,0.600000,0.700000
1494,PNEUMONIA,0.155634,0.800000,0.700000,0.750000,0.780000
1495,PNEUMONIA,0.149867,0.600000,0.900000,0.750000,0.760000
1496,PNEUMONIA,0.158359,0.600000,0.400000,0.550000,0.720000
1497,PNEUMONIA,0.147084,0.600000,0.400000,0.450000,0.540000
1498,PNEUMONIA,0.087344,0.400000,0.600000,0.450000,0.460000
1499,PNEUMONIA,0.149000,0.800000,0.700000,0.800000,0.880000
1500,PNEUMONIA,0.136615,0.400000,0.700000,0.800000,0.820000
1501,PNEUMONIA,0.129091,0.400000,0.500000,0.650000,0.720000
1502,PNEUMONIA,0.153581,0.600000,0.600000,0.750000,0.740000
1503,PNEUMONIA,0.155200,0.800000,0.700000,0.700000,0.780000
1504,PNEUMONIA,0.096823,0.800000,0.800000,0.700000,0.880000
1505,PNEUMONIA,0.124192,0.400000,0.400000,0.650000,0.680000
1506,PNEUMONIA,0.143658,0.600000,0.800000,0.800000,0.800000
1507,PNEUMONIA,0.194489,0.400000,0.700000,0.700000,0.760000
1508,PNEUMONIA,0.161146,0.600000,0.700000,0.900000,0.840000
1509,PNEUMONIA,0.156666,0.600000,0.600000,0.550000,0.640000
1510,PNEUMONIA,0.126153,0.800000,0.700000,0.500000,0.760000
1511,PNEUMONIA,0.137215,1.000000,0.600000,0.700000,0.800000
1512,PNEUMONIA,0.131004,0.600000,0.600000,0.700000,0.700000
1513,PNEUMONIA,0.143464,0.800000,0.800000,0.850000,0.880000
1514,PNEUMONIA,0.099211,0.800000,0.700000,0.650000,0.780000
1515,PNEUMONIA,0.143970,0.600000,0.700000,0.750000,0.740000
1516,PNEUMONIA,0.140488,0.400000,0.600000,0.650000,0.680000
1517,PNEUMONIA,0.159710,1.000000,0.800000,0.750000,0.720000
1518,PNEUMONIA,0.123573,0.800000,0.900000,0.800000,0.860000
1519,PNEUMONIA,0.154758,0.600000,0.800000,0.850000,0.780000
1520,PNEUMONIA,0.145103,0.600000,0.600000,0.800000,0.820000
1521,PNEUMONIA,0.141135,0.400000,0.500000,0.750000,0.780000
1522,PNEUMONIA,0.132644,0.600000,0.600000,0.700000,0.680000
1523,PNEUMONIA,0.141863,0.400000,0.500000,0.450000,0.480000
1524,PNEUMONIA,0.144170,0.200000,0.400000,0.600000,0.600000
1525,PNEUMONIA,0.154143,0.600000,0.700000,0.800000,0.800000
1526,PNEUMONIA,0.145660,0.600000,0.700000,0.600000,0.700000
1527,PNEUMONIA,0.155020,0.400000,0.600000,0.750000,0.860000
1528,PNEUMONIA,0.050533,0.600000,0.600000,0.500000,0.380000
1529,PNEUMONIA,0.142343,0.600000,0.700000,0.750000,0.840000
1530,PNEUMONIA,0.137512,0.800000,0.600000,0.850000,0.860000
1531,PNEUMONIA,0.112082,0.400000,0.500000,0.850000,0.760000
1532,PNEUMONIA,0.104083,0.200000,0.300000,0.250000,0.280000
1533,PNEUMONIA,0.139059,0.600000,0.700000,0.700000,0.700000
1534,PNEUMONIA,0.141578,0.600000,0.700000,0.850000,0.820000
1535,PNEUMONIA,0.149891,0.600000,0.900000,0.900000,0.780000
1536,PNEUMONIA,0.138945,0.400000,0.700000,0.900000,0.760000
1537,PNEUMONIA,0.148107,0.600000,0.600000,0.750000,0.700000
1538,PNEUMONIA,0.161818,0.600000,0.600000,0.650000,0.820000
1539,PNEUMONIA,0.160185,0.400000,0.800000,0.700000,0.880000
1540,PNEUMONIA,0.151404,1.000000,0.900000,0.850000,0.920000
1541,PNEUMONIA,0.122673,0.200000,0.300000,0.550000,0.520000
1542,PNEUMONIA,0.151072,1.000000,0.700000,0.750000,0.840000
1543,PNEUMONIA,0.141940,0.600000,0.600000,0.750000,0.820000
1544,PNEUMONIA,0.073022,0.600000,0.600000,0.600000,0.640000
1545,PNEUMONIA,0.171136,0.800000,0.500000,0.550000,0.720000
1546,PNEUMONIA,0.051597,0.000000,0.000000,0.050000,0.180000
1547,PNEUMONIA,0.142862,0.600000,0.700000,0.750000,0.840000
1548,PNEUMONIA,0.146608,0.800000,0.800000,0.700000,0.780000
1549,PNEUMONIA,0.141965,0.800000,0.700000,0.750000,0.800000
1550,PNEUMONIA,0.143659,0.600000,0.500000,0.700000,0.840000
1551,PNEUMONIA,0.141473,0.800000,0.700000,0.900000,0.780000
1552,PNEUMONIA,0.138681,0.600000,0.500000,0.600000,0.800000
1553,PNEUMONIA,0.105112,0.400000,0.600000,0.750000,0.780000
1554,PNEUMONIA,0.107602,0.800000,0.700000,0.700000,0.760000
1555,PNEUMONIA,0.141557,0.600000,0.700000,0.750000,0.840000
1556,PNEUMONIA,0.132121,0.200000,0.500000,0.750000,0.780000
1557,PNEUMONIA,0.114793,0.600000,0.700000,0.900000,0.880000
1558,PNEUMONIA,0.133052,1.000000,0.600000,0.950000,0.900000
1559,PNEUMONIA,0.147653,0.800000,0.700000,0.800000,0.760000
1560,PNEUMONIA,0.089160,0.400000,0.700000,0.550000,0.620000
1561,PNEUMONIA,0.143816,0.600000,0.600000,0.850000,0.780000
1562,PNEUMONIA,0.139930,1.000000,0.700000,0.650000,0.680000
1563,PNEUMONIA,0.164303,0.600000,0.900000,0.550000,0.680000
1564,PNEUMONIA,0.145664,0.200000,0.500000,0.500000,0.540000
1565,PNEUMONIA,0.129687,0.800000,0.700000,0.800000,0.760000
1566,PNEUMONIA,0.136748,0.600000,0.600000,0.650000,0.800000
1567,PNEUMONIA,0.113507,0.600000,0.700000,0.650000,0.800000
1568,PNEUMONIA,0.122577,0.600000,0.600000,0.600000,0.580000
1569,PNEUMONIA,0.155558,0.200000,0.600000,0.500000,0.660000
1570,PNEUMONIA,0.116992,0.000000,0.200000,0.200000,0.180000
1571,PNEUMONIA,0.139128,0.600000,0.700000,0.800000,0.780000
1572,PNEUMONIA,0.140420,0.600000,0.800000,0.750000,0.660000
1573,PNEUMONIA,0.180882,0.000000,0.100000,0.200000,0.120000
1574,PNEUMONIA,0.121480,0.600000,0.800000,0.700000,0.780000
1575,PNEUMONIA,0.146737,0.600000,0.700000,0.800000,0.840000
1576,PNEUMONIA,0.152602,0.400000,0.700000,0.800000,0.740000
1577,PNEUMONIA,0.133396,0.800000,0.800000,0.850000,0.900000
1578,PNEUMONIA,0.170892,0.800000,0.700000,0.650000,0.720000
1579,PNEUMONIA,0.131180,0.800000,0.800000,0.900000,0.880000
1580,PNEUMONIA,0.134738,0.600000,0.500000,0.700000,0.740000
1581,PNEUMONIA,0.143944,0.600000,0.600000,0.750000,0.840000
1582,PNEUMONIA,0.149553,0.800000,0.800000,0.600000,0.780000
1583,PNEUMONIA,0.157035,0.400000,0.700000,0.750000,0.660000
1584,PNEUMONIA,0.144737,0.600000,0.600000,0.600000,0.820000
1585,PNEUMONIA,0.134569,0.800000,0.900000,0.850000,0.800000
1586,PNEUMONIA,0.123989,0.800000,0.800000,0.700000,0.740000
1587,PNEUMONIA,0.155665,0.400000,0.600000,0.700000,0.720000
1588,PNEUMONIA,0.045989,0.200000,0.200000,0.200000,0.240000
1589,PNEUMONIA,0.055813,0.200000,0.100000,0.200000,0.340000
1590,PNEUMONIA,0.129284,0.600000,0.800000,0.600000,0.780000
1591,PNEUMONIA,0.144007,0.800000,0.700000,0.900000,0.880000
1592,PNEUMONIA,0.153467,1.000000,0.700000,0.700000,0.700000
1593,PNEUMONIA,0.170845,0.400000,0.500000,0.400000,0.500000
1594,PNEUMONIA,0.128482,1.000000,1.000000,0.750000,0.840000
1595,PNEUMONIA,0.056256,0.400000,0.600000,0.650000,0.660000
1596,PNEUMONIA,0.089728,0.400000,0.400000,0.450000,0.500000
1597,PNEUMONIA,0.161587,0.400000,0.300000,0.300000,0.360000
1598,PNEUMONIA,0.158282,0.600000,0.700000,0.600000,0.680000
1599,PNEUMONIA,0.095476,0.600000,0.800000,0.700000,0.800000
1600,PNEUMONIA,0.123509,1.000000,0.700000,0.700000,0.780000
1601,PNEUMONIA,0.150407,0.800000,0.600000,0.650000,0.600000
1602,PNEUMONIA,0.124792,0.600000,0.700000,0.750000,0.740000
1603,PNEUMONIA,0.167700,0.200000,0.400000,0.600000,0.680000
1604,PNEUMONIA,0.122772,0.600000,0.600000,0.700000,0.720000
1605,PNEUMONIA,0.073516,0.600000,0.700000,0.400000,0.620000
1606,PNEUMONIA,0.047457,0.200000,0.200000,0.150000,0.260000
1607,PNEUMONIA,0.139879,0.600000,0.900000,0.800000,0.860000
1608,PNEUMONIA,0.139872,0.600000,0.700000,0.800000,0.840000
1609,PNEUMONIA,0.066868,0.400000,0.300000,0.300000,0.220000
1610,PNEUMONIA,0.140781,0.600000,0.400000,0.550000,0.640000
1611,PNEUMONIA,0.153482,0.400000,0.600000,0.800000,0.760000
1612,PNEUMONIA,0.128968,0.200000,0.500000,0.700000,0.800000
1613,PNEUMONIA,0.132249,0.600000,0.900000,0.800000,0.860000
1614,PNEUMONIA,0.141506,0.600000,0.800000,0.800000,0.800000
1615,PNEUMONIA,0.126441,0.400000,0.400000,0.700000,0.760000
1616,PNEUMONIA,0.145719,0.600000,0.600000,0.600000,0.700000
1617,PNEUMONIA,0.165455,0.600000,0.600000,0.750000,0.800000
1618,PNEUMONIA,0.150176,0.400000,0.400000,0.650000,0.620000
1619,PNEUMONIA,0.141525,0.600000,0.600000,0.750000,0.760000
1620,PNEUMONIA,0.147975,0.600000,0.800000,0.800000,0.720000
1621,PNEUMONIA,0.131287,1.000000,0.700000,0.850000,0.780000
1622,PNEUMONIA,0.098361,0.600000,0.700000,0.500000,0.420000
1623,PNEUMONIA,0.157309,0.600000,0.600000,0.500000,0.740000
1624,PNEUMONIA,0.171366,0.400000,0.400000,0.550000,0.620000
1625,PNEUMONIA,0.137324,0.800000,0.900000,0.800000,0.860000
1626,PNEUMONIA,0.142548,0.600000,0.800000,0.700000,0.780000
1627,PNEUMONIA,0.127549,0.200000,0.400000,0.350000,0.500000
1628,PNEUMONIA,0.057170,0.200000,0.200000,0.250000,0.300000
1629,PNEUMONIA,0.060900,0.000000,0.100000,0.050000,0.240000
1630,PNEUMONIA,0.123829,0.800000,0.900000,0.900000,0.920000
1631,PNEUMONIA,0.113622,0.200000,0.600000,0.650000,0.660000
1632,PNEUMONIA,0.148217,0.600000,0.600000,0.600000,0.660000
1633,PNEUMONIA,0.150136,0.400000,0.600000,0.700000,0.760000
1634,PNEUMONIA,0.146380,0.200000,0.700000,0.650000,0.680000
1635,PNEUMONIA,0.152925,1.000000,0.700000,0.800000,0.820000
1636,PNEUMONIA,0.151114,0.600000,0.900000,0.700000,0.840000
1637,PNEUMONIA,0.141152,0.800000,0.500000,0.750000,0.720000
1638,PNEUMONIA,0.124569,0.600000,0.700000,0.750000,0.820000
1639,PNEUMONIA,0.100535,0.400000,0.500000,0.550000,0.740000
1640,PNEUMONIA,0.161306,0.600000,0.600000,0.650000,0.780000
1641,PNEUMONIA,0.142923,0.600000,0.600000,0.750000,0.820000
1642,PNEUMONIA,0.140360,0.800000,0.700000,0.650000,0.820000
1643,PNEUMONIA,0.131375,0.600000,0.700000,0.800000,0.840000
1644,PNEUMONIA,0.037585,0.400000,0.300000,0.200000,0.240000
1645,PNEUMONIA,0.164395,0.200000,0.300000,0.350000,0.520000
1646,PNEUMONIA,0.066806,0.400000,0.200000,0.200000,0.400000
1647,PNEUMONIA,0.139222,0.600000,0.600000,0.650000,0.760000
1648,PNEUMONIA,0.136285,0.800000,0.900000,0.700000,0.860000
1649,PNEUMONIA,0.149228,0.400000,0.700000,0.900000,0.720000
1650,PNEUMONIA,0.159320,0.600000,0.700000,0.650000,0.860000
1651,PNEUMONIA,0.153299,0.800000,0.800000,0.800000,0.740000
1652,PNEUMONIA,0.089878,0.000000,0.200000,0.300000,0.320000
1653,PNEUMONIA,0.170966,0.200000,0.400000,0.650000,0.860000
1654,PNEUMONIA,0.140022,1.000000,0.900000,0.950000,0.880000
1655,PNEUMONIA,0.159196,0.600000,0.700000,0.650000,0.740000
1656,PNEUMONIA,0.167594,0.800000,0.600000,0.800000,0.800000
1657,PNEUMONIA,0.056687,0.400000,0.300000,0.400000,0.440000
1658,PNEUMONIA,0.112219,0.600000,0.800000,0.750000,0.720000
1659,PNEUMONIA,0.143441,0.800000,0.600000,0.700000,0.840000
1660,PNEUMONIA,0.130907,1.000000,0.800000,0.800000,0.800000
1661,PNEUMONIA,0.157008,0.800000,0.600000,0.700000,0.780000
1662,PNEUMONIA,0.143084,0.800000,0.500000,0.650000,0.620000
1663,PNEUMONIA,0.136340,0.400000,0.400000,0.750000,0.680000
1664,PNEUMONIA,0.139919,1.000000,0.800000,0.850000,0.820000
1665,PNEUMONIA,0.147443,0.600000,0.700000,0.500000,0.660000
1666,PNEUMONIA,0.148255,0.400000,0.600000,0.750000,0.780000
1667,PNEUMONIA,0.143410,0.800000,0.400000,0.750000,0.760000
1668,PNEUMONIA,0.132497,0.600000,0.700000,0.650000,0.780000
1669,PNEUMONIA,0.142984,0.600000,0.700000,0.650000,0.760000
1670,PNEUMONIA,0.131428,0.600000,0.600000,0.650000,0.740000
1671,PNEUMONIA,0.147450,0.600000,0.500000,0.550000,0.720000
1672,PNEUMONIA,0.130598,0.800000,0.800000,0.850000,0.880000
1673,PNEUMONIA,0.143800,0.600000,0.800000,0.800000,0.700000
1674,PNEUMONIA,0.161734,0.800000,0.700000,0.700000,0.800000
1675,PNEUMONIA,0.133937,0.800000,0.600000,0.850000,0.740000
1676,PNEUMONIA,0.139185,0.600000,0.700000,0.850000,0.800000
1677,PNEUMONIA,0.140461,0.600000,0.600000,0.800000,0.880000
1678,PNEUMONIA,0.100302,0.600000,0.600000,0.500000,0.500000
1679,PNEUMONIA,0.113191,0.600000,0.800000,0.700000,0.840000
1680,PNEUMONIA,0.109520,0.400000,0.500000,0.500000,0.860000
1681,PNEUMONIA,0.131438,0.600000,0.600000,0.600000,0.500000
1682,PNEUMONIA,0.137082,0.600000,0.600000,0.950000,0.780000
1683,PNEUMONIA,0.123757,0.600000,0.400000,0.550000,0.660000
1684,PNEUMONIA,0.124418,0.800000,0.800000,0.650000,0.700000
1685,PNEUMONIA,0.158668,0.600000,0.800000,0.800000,0.700000
1686,PNEUMONIA,0.135640,1.000000,0.700000,0.750000,0.800000
1687,PNEUMONIA,0.155457,1.000000,0.700000,0.750000,0.840000
1688,PNEUMONIA,0.123000,0.600000,0.800000,0.700000,0.740000
1689,PNEUMONIA,0.129410,1.000000,0.600000,0.850000,0.880000
1690,PNEUMONIA,0.135151,0.000000,0.000000,0.000000,0.020000
1691,PNEUMONIA,0.147788,0.600000,0.700000,0.550000,0.700000
1692,PNEUMONIA,0.126257,0.400000,0.600000,0.700000,0.840000
1693,PNEUMONIA,0.103118,0.200000,0.200000,0.150000,0.240000
1694,PNEUMONIA,0.122661,0.600000,0.800000,0.750000,0.840000
1695,PNEUMONIA,0.141107,0.400000,0.400000,0.550000,0.640000
1696,PNEUMONIA,0.162185,1.000000,0.700000,0.800000,0.840000
1697,PNEUMONIA,0.149968,0.200000,0.200000,0.200000,0.440000
1698,PNEUMONIA,0.142414,0.800000,0.800000,0.800000,0.840000
1699,PNEUMONIA,0.149089,0.600000,0.600000,0.750000,0.780000
1700,PNEUMONIA,0.143153,0.400000,0.500000,0.600000,0.840000
1701,PNEUMONIA,0.133178,0.800000,0.900000,0.800000,0.780000
1702,PNEUMONIA,0.134720,0.800000,0.700000,0.850000,0.900000
1703,PNEUMONIA,0.135447,1.000000,0.900000,0.750000,0.880000
1704,PNEUMONIA,0.093786,0.600000,0.500000,0.600000,0.680000
1705,PNEUMONIA,0.123361,0.600000,0.600000,0.750000,0.680000
1706,PNEUMONIA,0.141212,0.400000,0.600000,0.700000,0.660000
1707,PNEUMONIA,0.151069,0.600000,0.600000,0.650000,0.860000
1708,PNEUMONIA,0.151680,0.600000,0.800000,0.850000,0.800000
1709,PNEUMONIA,0.110696,0.600000,0.500000,0.750000,0.760000
1710,PNEUMONIA,0.127052,0.600000,0.700000,0.650000,0.780000
1711,PNEUMONIA,0.149054,0.800000,0.800000,0.700000,0.900000
1712,PNEUMONIA,0.150078,0.800000,0.900000,0.750000,0.840000
1713,PNEUMONIA,0.142673,0.600000,0.600000,0.650000,0.780000
1714,PNEUMONIA,0.107252,0.400000,0.400000,0.550000,0.660000
1715,PNEUMONIA,0.150363,0.400000,0.300000,0.250000,0.320000
1716,PNEUMONIA,0.144785,0.000000,0.700000,0.750000,0.760000
1717,PNEUMONIA,0.141743,0.800000,0.700000,0.650000,0.700000
1718,PNEUMONIA,0.149370,0.600000,0.700000,0.750000,0.760000
1719,PNEUMONIA,0.138383,0.600000,0.600000,0.750000,0.840000
1720,PNEUMONIA,0.147005,0.800000,0.500000,0.550000,0.700000
1721,PNEUMONIA,0.147216,0.600000,0.600000,0.600000,0.640000
1722,PNEUMONIA,0.136058,0.400000,0.800000,0.700000,0.840000
1723,PNEUMONIA,0.131650,0.600000,0.600000,0.600000,0.680000
1724,PNEUMONIA,0.136777,0.600000,0.800000,0.800000,0.860000
1725,PNEUMONIA,0.164912,0.400000,0.700000,0.750000,0.840000
1726,PNEUMONIA,0.154635,0.600000,0.600000,0.700000,0.760000
1727,PNEUMONIA,0.165750,0.800000,0.600000,0.850000,0.740000
1728,PNEUMONIA,0.144420,0.400000,0.600000,0.800000,0.880000
1729,PNEUMONIA,0.142666,0.400000,0.600000,0.850000,0.780000
1730,PNEUMONIA,0.143292,0.600000,0.400000,0.700000,0.860000
1731,PNEUMONIA,0.145293,0.600000,0.800000,0.650000,0.840000
1732,PNEUMONIA,0.151545,0.800000,0.700000,0.900000,0.800000
1733,PNEUMONIA,0.137904,0.800000,0.800000,0.750000,0.780000
1734,PNEUMONIA,0.088853,0.800000,0.800000,0.650000,0.420000
1735,PNEUMONIA,0.153566,0.400000,0.600000,0.800000,0.760000
1736,PNEUMONIA,0.117177,0.400000,0.600000,0.650000,0.580000
1737,PNEUMONIA,0.141082,0.400000,0.700000,0.600000,0.740000
1738,PNEUMONIA,0.106613,0.600000,0.700000,0.650000,0.580000
1739,PNEUMONIA,0.129266,0.600000,0.600000,0.750000,0.860000
1740,PNEUMONIA,0.137537,0.600000,0.700000,0.700000,0.800000
1741,PNEUMONIA,0.143062,0.600000,0.900000,0.750000,0.800000
1742,PNEUMONIA,0.132074,0.800000,0.700000,0.900000,0.800000
1743,PNEUMONIA,0.160708,0.600000,0.800000,0.700000,0.760000
1744,PNEUMONIA,0.111191,0.200000,0.400000,0.450000,0.560000
1745,PNEUMONIA,0.106875,0.600000,0.700000,0.850000,0.820000
1746,PNEUMONIA,0.148411,0.400000,0.400000,0.750000,0.680000
1747,PNEUMONIA,0.082732,0.400000,0.600000,0.650000,0.780000
1748,PNEUMONIA,0.113974,0.400000,0.600000,0.600000,0.760000
1749,PNEUMONIA,0.145102,0.400000,0.800000,0.800000,0.820000
1750,PNEUMONIA,0.129133,0.800000,0.800000,0.750000,0.880000
1751,PNEUMONIA,0.136707,1.000000,0.800000,0.750000,0.860000
1752,PNEUMONIA,0.144111,0.600000,0.700000,0.850000,0.740000
1753,PNEUMONIA,0.140648,0.600000,0.800000,0.750000,0.780000
1754,PNEUMONIA,0.131995,0.600000,0.700000,0.800000,0.820000
1755,PNEUMONIA,0.135889,0.800000,0.900000,0.850000,0.880000
1756,PNEUMONIA,0.127257,0.600000,0.800000,0.750000,0.840000
1757,PNEUMONIA,0.149261,0.800000,0.900000,0.850000,0.780000
