index,label,drift,s_5,s_10,s_20,s_50
0,NORMAL,1.420859,0.400000,0.200000,0.150000,0.220000
1,NORMAL,1.423109,0.000000,0.300000,0.150000,0.320000
2,NORMAL,1.388151,0.200000,0.100000,0.400000,0.280000
3,NORMAL,1.414286,0.000000,0.000000,0.050000,0.220000
4,NORMAL,1.393986,0.200000,0.300000,0.300000,0.320000
5,NORMAL,1.381703,0.000000,0.000000,0.050000,0.200000
6,NORMAL,1.424093,0.200000,0.100000,0.050000,0.200000
7,NORMAL,1.403379,0.200000,0.400000,0.450000,0.440000
8,NORMAL,1.420273,0.000000,0.000000,0.100000,0.120000
9,NORMAL,1.422530,0.000000,0.200000,0.150000,0.280000
10,NORMAL,1.359587,0.000000,0.000000,0.050000,0.160000
11,NORMAL,1.368935,0.000000,0.100000,0.150000,0.200000
12,NORMAL,1.401072,0.200000,0.100000,0.200000,0.240000
13,NORMAL,1.269970,0.000000,0.000000,0.000000,0.040000
14,NORMAL,1.411590,0.000000,0.100000,0.150000,0.360000
15,NORMAL,1.410553,0.200000,0.200000,0.200000,0.260000
16,NORMAL,1.327234,0.000000,0.200000,0.100000,0.160000
17,NORMAL,1.348202,0.000000,0.100000,0.100000,0.060000
18,NORMAL,1.191969,0.200000,0.100000,0.050000,0.040000
19,NORMAL,1.398755,0.000000,0.000000,0.000000,0.100000
20,NORMAL,1.403391,0.000000,0.100000,0.100000,0.160000
21,NORMAL,1.408271,0.200000,0.100000,0.050000,0.260000
22,NORMAL,1.394603,0.000000,0.300000,0.250000,0.280000
23,NORMAL,1.424776,0.200000,0.200000,0.250000,0.220000
24,NORMAL,1.410600,0.000000,0.000000,0.100000,0.160000
25,NORMAL,1.343900,0.200000,0.200000,0.200000,0.160000
26,NORMAL,1.434959,0.200000,0.200000,0.250000,0.300000
27,NORMAL,1.378328,0.000000,0.000000,0.000000,0.220000
28,NORMAL,1.407672,0.400000,0.200000,0.150000,0.240000
29,NORMAL,1.419558,0.400000,0.200000,0.100000,0.200000
30,NORMAL,1.375429,0.000000,0.100000,0.100000,0.120000
31,NORMAL,1.404039,0.000000,0.000000,0.100000,0.240000
32,NORMAL,1.402813,0.000000,0.100000,0.100000,0.260000
33,NORMAL,1.393780,0.200000,0.100000,0.150000,0.220000
34,NORMAL,1.409880,0.000000,0.000000,0.050000,0.200000
35,NORMAL,1.378790,0.200000,0.200000,0.150000,0.220000
36,NORMAL,1.423222,0.000000,0.000000,0.050000,0.120000
37,NORMAL,1.423828,0.000000,0.100000,0.050000,0.160000
38,NORMAL,1.417243,0.000000,0.300000,0.200000,0.300000
39,NORMAL,1.413254,0.000000,0.000000,0.050000,0.200000
40,NORMAL,1.378910,0.000000,0.000000,0.150000,0.160000
41,NORMAL,1.429663,0.200000,0.200000,0.100000,0.240000
42,NORMAL,1.410599,0.000000,0.000000,0.050000,0.160000
43,NORMAL,1.419032,0.000000,0.100000,0.100000,0.180000
44,NORMAL,1.409728,0.200000,0.200000,0.150000,0.160000
45,NORMAL,1.422101,0.000000,0.200000,0.200000,0.180000
46,NORMAL,1.393030,0.400000,0.200000,0.100000,0.160000
47,NORMAL,1.379897,0.200000,0.200000,0.100000,0.160000
48,NORMAL,1.423837,0.000000,0.100000,0.150000,0.320000
49,NORMAL,1.359230,0.000000,0.000000,0.050000,0.100000
50,NORMAL,1.429422,0.200000,0.200000,0.150000,0.120000
51,NORMAL,1.422376,0.000000,0.000000,0.100000,0.260000
52,NORMAL,1.405419,0.000000,0.100000,0.150000,0.300000
53,NORMAL,1.411227,0.000000,0.100000,0.100000,0.160000
54,NORMAL,1.414819,0.000000,0.100000,0.050000,0.220000
55,NORMAL,1.432483,0.200000,0.100000,0.250000,0.200000
56,NORMAL,1.425223,0.000000,0.100000,0.100000,0.200000
57,NORMAL,1.417728,0.000000,0.100000,0.150000,0.220000
58,NORMAL,1.414151,0.000000,0.000000,0.050000,0.180000
59,NORMAL,1.428056,0.200000,0.200000,0.100000,0.100000
60,NORMAL,1.406982,0.000000,0.000000,0.000000,0.160000
61,NORMAL,1.397562,0.200000,0.200000,0.150000,0.240000
62,NORMAL,1.388582,0.000000,0.100000,0.250000,0.320000
63,NORMAL,1.412223,0.000000,0.000000,0.050000,0.220000
64,NORMAL,1.375649,0.200000,0.100000,0.150000,0.160000
65,NORMAL,1.408237,0.000000,0.100000,0.050000,0.100000
66,NORMAL,1.405674,0.200000,0.200000,0.150000,0.120000
67,NORMAL,1.411005,0.000000,0.000000,0.150000,0.220000
68,NORMAL,1.373307,0.200000,0.300000,0.250000,0.240000
69,NORMAL,1.368274,0.200000,0.100000,0.200000,0.160000
70,NORMAL,1.376624,0.000000,0.000000,0.000000,0.040000
71,NORMAL,1.401392,0.000000,0.000000,0.000000,0.060000
72,NORMAL,1.423998,0.000000,0.100000,0.100000,0.200000
73,NORMAL,1.421608,0.000000,0.200000,0.150000,0.200000
74,NORMAL,1.377881,0.000000,0.100000,0.050000,0.300000
75,NORMAL,1.406956,0.600000,0.300000,0.200000,0.260000
76,NORMAL,1.371527,0.200000,0.100000,0.050000,0.100000
77,NORMAL,1.410583,0.000000,0.000000,0.000000,0.020000
78,NORMAL,1.394868,0.200000,0.200000,0.300000,0.200000
79,NORMAL,1.382645,0.000000,0.000000,0.050000,0.220000
80,NORMAL,1.395716,0.200000,0.200000,0.100000,0.220000
81,NORMAL,1.415722,0.000000,0.100000,0.200000,0.260000
82,NORMAL,1.414744,0.000000,0.000000,0.000000,0.220000
83,NORMAL,1.409514,0.000000,0.000000,0.050000,0.260000
84,NORMAL,1.421986,0.000000,0.000000,0.050000,0.200000
85,NORMAL,1.437277,0.000000,0.000000,0.050000,0.160000
86,NORMAL,1.407903,0.400000,0.200000,0.200000,0.200000
87,NORMAL,1.397857,0.000000,0.000000,0.000000,0.100000
88,NORMAL,1.407485,0.000000,0.100000,0.150000,0.140000
89,NORMAL,1.402063,0.000000,0.300000,0.250000,0.340000
90,NORMAL,1.367480,0.000000,0.000000,0.050000,0.180000
91,NORMAL,1.361693,0.000000,0.100000,0.050000,0.180000
92,NORMAL,1.283956,0.000000,0.000000,0.000000,0.060000
93,NORMAL,1.433953,0.000000,0.000000,0.000000,0.100000
94,NORMAL,1.421059,0.000000,0.000000,0.050000,0.200000
95,NORMAL,1.432640,0.000000,0.000000,0.150000,0.260000
96,NORMAL,1.371370,0.000000,0.000000,0.200000,0.320000
97,NORMAL,1.374476,0.000000,0.200000,0.100000,0.240000
98,NORMAL,1.383556,0.000000,0.000000,0.050000,0.160000
99,NORMAL,1.399374,0.000000,0.000000,0.000000,0.160000
100,NORMAL,1.432597,0.000000,0.100000,0.050000,0.200000
101,NORMAL,1.425040,0.200000,0.200000,0.200000,0.140000
102,NORMAL,1.402059,0.000000,0.100000,0.100000,0.100000
103,NORMAL,1.408991,0.000000,0.000000,0.000000,0.220000
104,NORMAL,1.437168,0.000000,0.000000,0.050000,0.200000
105,NORMAL,1.396023,0.200000,0.100000,0.200000,0.240000
106,NORMAL,1.443898,0.000000,0.200000,0.200000,0.240000
107,NORMAL,1.413501,0.000000,0.000000,0.000000,0.040000
108,NORMAL,1.413669,0.000000,0.000000,0.000000,0.080000
109,NORMAL,1.390465,0.000000,0.100000,0.200000,0.180000
110,NORMAL,1.366096,0.000000,0.100000,0.100000,0.060000
111,NORMAL,1.404898,0.200000,0.200000,0.200000,0.120000
112,NORMAL,1.390180,0.000000,0.100000,0.150000,0.220000
113,NORMAL,1.400367,0.400000,0.200000,0.150000,0.260000
114,NORMAL,1.417861,0.000000,0.100000,0.150000,0.180000
115,NORMAL,1.411800,0.200000,0.100000,0.100000,0.160000
116,NORMAL,1.437950,0.000000,0.000000,0.000000,0.200000
117,NORMAL,1.416944,0.000000,0.000000,0.050000,0.180000
118,NORMAL,1.400038,0.200000,0.100000,0.100000,0.280000
119,NORMAL,1.372287,0.200000,0.100000,0.150000,0.200000
120,NORMAL,1.400285,0.000000,0.000000,0.000000,0.120000
121,NORMAL,1.401279,0.000000,0.000000,0.050000,0.100000
122,NORMAL,1.379089,0.000000,0.000000,0.000000,0.100000
123,NORMAL,1.403677,0.200000,0.300000,0.250000,0.220000
124,NORMAL,1.413302,0.000000,0.000000,0.150000,0.100000
125,NORMAL,1.391128,0.000000,0.100000,0.050000,0.200000
126,NORMAL,1.407257,0.200000,0.200000,0.150000,0.220000
127,NORMAL,1.386105,0.000000,0.000000,0.100000,0.180000
128,NORMAL,1.372287,0.000000,0.000000,0.100000,0.060000
129,NORMAL,1.393338,0.200000,0.200000,0.250000,0.200000
130,NORMAL,1.379541,0.000000,0.100000,0.100000,0.140000
131,NORMAL,1.415536,0.000000,0.100000,0.250000,0.220000
132,NORMAL,1.411107,0.200000,0.200000,0.300000,0.280000
133,NORMAL,1.416130,0.200000,0.100000,0.100000,0.180000
134,NORMAL,1.382990,0.000000,0.000000,0.050000,0.120000
135,NORMAL,1.330080,0.000000,0.000000,0.100000,0.080000
136,NORMAL,1.406705,0.200000,0.100000,0.050000,0.120000
137,NORMAL,1.379737,0.000000,0.000000,0.150000,0.220000
138,NORMAL,1.421008,0.000000,0.100000,0.100000,0.160000
139,NORMAL,1.404753,0.000000,0.100000,0.100000,0.180000
140,NORMAL,1.422264,0.400000,0.200000,0.200000,0.260000
141,NORMAL,1.402716,0.000000,0.100000,0.150000,0.300000
142,NORMAL,1.410017,0.000000,0.000000,0.050000,0.100000
143,NORMAL,1.399881,0.000000,0.100000,0.150000,0.200000
144,NORMAL,1.394421,0.000000,0.000000,0.100000,0.240000
145,NORMAL,1.319198,0.000000,0.000000,0.050000,0.100000
146,NORMAL,1.424420,0.000000,0.000000,0.050000,0.060000
147,NORMAL,1.384819,0.000000,0.100000,0.200000,0.340000
148,NORMAL,1.428657,0.000000,0.100000,0.100000,0.160000
149,NORMAL,1.387530,0.200000,0.100000,0.050000,0.180000
150,NORMAL,1.374707,0.400000,0.200000,0.200000,0.280000
151,NORMAL,1.432764,0.000000,0.100000,0.150000,0.180000
152,NORMAL,1.394467,0.200000,0.100000,0.200000,0.320000
153,NORMAL,1.391408,0.000000,0.000000,0.100000,0.240000
154,NORMAL,1.418372,0.200000,0.200000,0.150000,0.220000
155,NORMAL,1.412033,0.000000,0.100000,0.100000,0.140000
156,NORMAL,1.405788,0.000000,0.000000,0.050000,0.060000
157,NORMAL,1.421293,0.000000,0.000000,0.050000,0.200000
158,NORMAL,1.414399,0.000000,0.200000,0.150000,0.200000
159,NORMAL,1.405632,0.000000,0.100000,0.300000,0.260000
160,NORMAL,1.390224,0.000000,0.000000,0.150000,0.180000
161,NORMAL,1.431526,0.000000,0.100000,0.150000,0.200000
162,NORMAL,1.403720,0.000000,0.000000,0.050000,0.180000
163,NORMAL,1.403145,0.200000,0.100000,0.200000,0.240000
164,NORMAL,1.381903,0.200000,0.100000,0.250000,0.200000
165,NORMAL,1.404470,0.200000,0.200000,0.200000,0.260000
166,NORMAL,1.439029,0.000000,0.100000,0.100000,0.160000
167,NORMAL,1.396952,0.000000,0.000000,0.050000,0.240000
168,NORMAL,1.438483,0.200000,0.100000,0.200000,0.220000
169,NORMAL,1.420896,0.200000,0.200000,0.150000,0.140000
170,NORMAL,1.403027,0.000000,0.000000,0.050000,0.220000
171,NORMAL,1.410866,0.200000,0.100000,0.050000,0.180000
172,NORMAL,1.416871,0.200000,0.300000,0.200000,0.200000
173,NORMAL,1.434314,0.000000,0.100000,0.150000,0.120000
174,NORMAL,1.380797,0.000000,0.000000,0.050000,0.140000
175,NORMAL,1.419251,0.000000,0.000000,0.000000,0.080000
176,NORMAL,1.392375,0.000000,0.000000,0.000000,0.220000
177,NORMAL,1.351508,0.200000,0.100000,0.200000,0.140000
178,NORMAL,1.334563,0.000000,0.100000,0.100000,0.140000
179,NORMAL,1.420691,0.000000,0.100000,0.050000,0.120000
180,NORMAL,1.402521,0.000000,0.000000,0.100000,0.180000
181,NORMAL,1.390816,0.400000,0.300000,0.250000,0.200000
182,NORMAL,1.400584,0.000000,0.000000,0.100000,0.200000
183,NORMAL,1.402951,0.000000,0.000000,0.100000,0.180000
184,NORMAL,1.345671,0.000000,0.000000,0.000000,0.180000
185,NORMAL,1.396261,0.000000,0.000000,0.200000,0.240000
186,NORMAL,1.386476,0.000000,0.000000,0.050000,0.200000
187,NORMAL,1.362840,0.000000,0.000000,0.050000,0.160000
188,NORMAL,1.398841,0.400000,0.400000,0.400000,0.320000
189,NORMAL,1.407083,0.000000,0.000000,0.000000,0.140000
190,NORMAL,1.408407,0.000000,0.000000,0.000000,0.140000
191,NORMAL,1.388757,0.200000,0.300000,0.250000,0.300000
192,NORMAL,1.419864,0.000000,0.100000,0.200000,0.240000
193,NORMAL,1.443803,0.200000,0.100000,0.150000,0.220000
194,NORMAL,1.357376,0.000000,0.000000,0.100000,0.080000
195,NORMAL,1.396632,0.400000,0.300000,0.200000,0.240000
196,NORMAL,1.389031,0.200000,0.200000,0.200000,0.180000
197,NORMAL,1.371630,0.000000,0.000000,0.000000,0.080000
198,NORMAL,1.385038,0.000000,0.100000,0.250000,0.360000
199,NORMAL,1.372802,0.000000,0.000000,0.050000,0.100000
200,NORMAL,1.181598,0.000000,0.000000,0.100000,0.080000
201,NORMAL,1.425832,0.000000,0.000000,0.000000,0.120000
202,NORMAL,1.378367,0.200000,0.100000,0.200000,0.180000
203,NORMAL,1.405059,0.000000,0.100000,0.100000,0.280000
204,NORMAL,1.039583,0.000000,0.000000,0.000000,0.000000
205,NORMAL,1.124362,0.000000,0.000000,0.050000,0.060000
206,NORMAL,1.302017,0.000000,0.100000,0.100000,0.080000
207,NORMAL,1.418429,0.000000,0.000000,0.050000,0.120000
208,NORMAL,1.328154,0.000000,0.000000,0.000000,0.080000
209,NORMAL,1.329240,0.000000,0.000000,0.100000,0.080000
210,NORMAL,1.434645,0.000000,0.000000,0.150000,0.180000
211,NORMAL,0.924264,0.000000,0.000000,0.000000,0.000000
212,NORMAL,1.378329,0.200000,0.100000,0.100000,0.300000
213,NORMAL,1.414760,0.200000,0.100000,0.350000,0.340000
214,NORMAL,1.354412,0.000000,0.000000,0.100000,0.120000
215,NORMAL,1.423648,0.200000,0.100000,0.100000,0.240000
216,NORMAL,1.392747,0.200000,0.100000,0.100000,0.140000
217,NORMAL,1.362079,0.000000,0.000000,0.000000,0.160000
218,NORMAL,1.379699,0.000000,0.000000,0.050000,0.100000
219,NORMAL,1.284758,0.200000,0.200000,0.150000,0.120000
220,NORMAL,1.426354,0.000000,0.100000,0.150000,0.300000
221,NORMAL,1.459852,0.000000,0.000000,0.150000,0.340000
222,NORMAL,1.316943,0.000000,0.000000,0.000000,0.040000
223,NORMAL,1.381911,0.000000,0.000000,0.000000,0.100000
224,NORMAL,1.377652,0.000000,0.000000,0.000000,0.220000
225,NORMAL,1.394570,0.000000,0.000000,0.200000,0.180000
226,NORMAL,1.345844,0.000000,0.000000,0.100000,0.160000
227,NORMAL,1.379897,0.200000,0.200000,0.150000,0.200000
228,NORMAL,1.298163,0.000000,0.000000,0.300000,0.300000
229,NORMAL,1.403053,0.200000,0.100000,0.050000,0.100000
230,NORMAL,1.416872,0.000000,0.000000,0.050000,0.100000
231,NORMAL,1.404479,0.000000,0.000000,0.050000,0.140000
232,NORMAL,1.349589,0.000000,0.000000,0.050000,0.040000
233,NORMAL,1.385473,0.000000,0.100000,0.200000,0.220000
234,NORMAL,1.397793,0.200000,0.200000,0.250000,0.260000
235,NORMAL,1.356454,0.200000,0.200000,0.150000,0.220000
236,NORMAL,1.257678,0.000000,0.000000,0.100000,0.040000
237,NORMAL,1.383125,0.000000,0.000000,0.050000,0.060000
238,NORMAL,1.392488,0.000000,0.100000,0.150000,0.360000
239,NORMAL,1.386121,0.200000,0.200000,0.300000,0.240000
240,NORMAL,1.335581,0.000000,0.100000,0.100000,0.260000
241,NORMAL,1.295539,0.000000,0.000000,0.100000,0.120000
242,NORMAL,1.416288,0.000000,0.300000,0.200000,0.360000
243,NORMAL,0.921834,0.000000,0.000000,0.000000,0.020000
244,NORMAL,1.401860,0.000000,0.300000,0.250000,0.320000
245,NORMAL,1.467433,0.000000,0.000000,0.000000,0.040000
246,NORMAL,1.412919,0.000000,0.000000,0.100000,0.100000
247,NORMAL,1.407180,0.000000,0.200000,0.200000,0.360000
248,NORMAL,1.419764,0.000000,0.000000,0.000000,0.240000
249,NORMAL,1.420095,0.000000,0.100000,0.100000,0.180000
250,NORMAL,1.394243,0.000000,0.000000,0.100000,0.280000
251,NORMAL,1.391363,0.000000,0.000000,0.050000,0.040000
252,NORMAL,1.369999,0.000000,0.000000,0.000000,0.080000
253,NORMAL,1.370424,0.000000,0.000000,0.050000,0.160000
254,NORMAL,1.407443,0.000000,0.100000,0.100000,0.080000
255,NORMAL,1.333149,0.000000,0.000000,0.050000,0.140000
256,NORMAL,1.393939,0.000000,0.000000,0.050000,0.200000
257,NORMAL,1.412987,0.000000,0.100000,0.100000,0.060000
258,NORMAL,1.393913,0.000000,0.000000,0.050000,0.160000
259,NORMAL,1.423249,0.000000,0.100000,0.050000,0.160000
260,NORMAL,1.367213,0.000000,0.000000,0.050000,0.160000
261,NORMAL,1.374679,0.000000,0.000000,0.000000,0.020000
262,NORMAL,1.390676,0.200000,0.300000,0.350000,0.360000
263,NORMAL,1.388976,0.000000,0.000000,0.100000,0.140000
264,NORMAL,1.406780,0.200000,0.100000,0.150000,0.180000
265,NORMAL,1.413250,0.000000,0.000000,0.100000,0.140000
266,NORMAL,1.390300,0.000000,0.200000,0.200000,0.300000
267,NORMAL,1.381294,0.200000,0.100000,0.100000,0.220000
268,NORMAL,1.360060,0.000000,0.000000,0.000000,0.240000
269,NORMAL,1.404798,0.000000,0.300000,0.400000,0.380000
270,NORMAL,1.417259,0.000000,0.100000,0.250000,0.280000
271,NORMAL,1.386702,0.000000,0.300000,0.300000,0.360000
272,NORMAL,1.370653,0.400000,0.300000,0.250000,0.140000
273,NORMAL,1.386617,0.200000,0.100000,0.100000,0.200000
274,NORMAL,1.394724,0.200000,0.300000,0.200000,0.300000
275,NORMAL,1.390837,0.200000,0.200000,0.100000,0.220000
276,NORMAL,1.396819,0.000000,0.000000,0.250000,0.240000
277,NORMAL,1.424209,0.200000,0.100000,0.100000,0.220000
278,NORMAL,1.396379,0.000000,0.000000,0.050000,0.280000
279,NORMAL,1.438324,0.000000,0.200000,0.350000,0.240000
280,NORMAL,1.378152,0.000000,0.000000,0.200000,0.160000
281,NORMAL,1.414053,0.200000,0.100000,0.200000,0.300000
282,NORMAL,1.414969,0.000000,0.000000,0.000000,0.000000
283,NORMAL,1.422344,0.000000,0.000000,0.150000,0.160000
284,NORMAL,1.423410,0.200000,0.100000,0.150000,0.220000
285,NORMAL,1.438908,0.000000,0.000000,0.050000,0.200000
286,NORMAL,1.370044,0.000000,0.100000,0.100000,0.220000
287,NORMAL,1.409176,0.000000,0.100000,0.050000,0.200000
288,NORMAL,1.412036,0.000000,0.100000,0.250000,0.220000
289,NORMAL,1.411737,0.000000,0.000000,0.250000,0.340000
290,NORMAL,1.354078,0.000000,0.000000,0.100000,0.060000
291,NORMAL,1.434470,0.000000,0.100000,0.050000,0.100000
292,NORMAL,1.446825,0.000000,0.000000,0.100000,0.280000
293,NORMAL,1.413017,0.200000,0.100000,0.200000,0.240000
294,NORMAL,1.419022,0.200000,0.200000,0.350000,0.320000
295,NORMAL,1.416169,0.400000,0.300000,0.350000,0.340000
296,NORMAL,1.350427,0.400000,0.400000,0.300000,0.280000
297,NORMAL,1.404096,0.000000,0.100000,0.050000,0.080000
298,NORMAL,1.274807,0.000000,0.000000,0.000000,0.060000
299,NORMAL,1.331819,0.000000,0.000000,0.000000,0.040000
300,NORMAL,1.378880,0.000000,0.000000,0.050000,0.120000
301,NORMAL,1.337037,0.400000,0.500000,0.500000,0.400000
302,NORMAL,1.268511,0.000000,0.000000,0.050000,0.040000
303,NORMAL,1.413734,0.200000,0.100000,0.100000,0.220000
304,NORMAL,1.424631,0.000000,0.000000,0.050000,0.120000
305,NORMAL,1.387206,0.000000,0.000000,0.050000,0.180000
306,NORMAL,1.445514,0.000000,0.000000,0.050000,0.060000
307,NORMAL,1.387354,0.200000,0.200000,0.200000,0.200000
308,NORMAL,1.398871,0.000000,0.100000,0.050000,0.100000
309,NORMAL,1.390150,0.000000,0.000000,0.150000,0.320000
310,NORMAL,1.412482,0.000000,0.000000,0.050000,0.100000
311,NORMAL,1.404194,0.000000,0.000000,0.200000,0.280000
312,NORMAL,1.390367,0.400000,0.300000,0.200000,0.280000
313,NORMAL,1.388813,0.200000,0.200000,0.150000,0.280000
314,NORMAL,1.422016,0.000000,0.200000,0.150000,0.220000
315,NORMAL,1.408226,0.000000,0.100000,0.100000,0.100000
316,NORMAL,1.408145,0.000000,0.100000,0.100000,0.140000
317,NORMAL,1.409196,0.000000,0.000000,0.200000,0.280000
318,NORMAL,1.403184,0.200000,0.100000,0.150000,0.200000
319,NORMAL,1.340651,0.400000,0.200000,0.100000,0.240000
320,NORMAL,1.373450,0.000000,0.000000,0.000000,0.120000
321,NORMAL,1.357054,0.000000,0.000000,0.000000,0.080000
322,NORMAL,1.332742,0.200000,0.100000,0.150000,0.140000
323,NORMAL,1.295669,0.000000,0.000000,0.050000,0.080000
324,NORMAL,1.219042,0.000000,0.000000,0.050000,0.100000
325,NORMAL,1.431252,0.200000,0.300000,0.250000,0.300000
326,NORMAL,1.417070,0.000000,0.100000,0.100000,0.140000
327,NORMAL,1.315571,0.200000,0.300000,0.350000,0.280000
328,NORMAL,1.357185,0.400000,0.200000,0.250000,0.300000
329,NORMAL,1.388698,0.000000,0.000000,0.150000,0.140000
330,NORMAL,1.285921,0.000000,0.000000,0.000000,0.020000
331,NORMAL,1.425425,0.000000,0.000000,0.000000,0.260000
332,NORMAL,1.431227,0.000000,0.000000,0.000000,0.180000
333,NORMAL,1.418607,0.200000,0.100000,0.100000,0.140000
334,NORMAL,1.430492,0.200000,0.200000,0.250000,0.180000
335,NORMAL,1.399966,0.200000,0.100000,0.100000,0.220000
336,NORMAL,1.403218,0.200000,0.100000,0.300000,0.320000
337,NORMAL,1.382191,0.000000,0.200000,0.100000,0.140000
338,NORMAL,1.408179,0.000000,0.000000,0.050000,0.180000
339,NORMAL,1.404994,0.000000,0.100000,0.200000,0.220000
340,NORMAL,1.415970,0.000000,0.000000,0.250000,0.200000
341,NORMAL,1.411360,0.000000,0.000000,0.000000,0.140000
342,NORMAL,1.421758,0.000000,0.100000,0.150000,0.240000
343,NORMAL,1.410184,0.000000,0.000000,0.050000,0.120000
344,NORMAL,1.445859,0.000000,0.000000,0.100000,0.060000
345,NORMAL,1.410398,0.000000,0.100000,0.100000,0.140000
346,NORMAL,1.404229,0.000000,0.100000,0.100000,0.300000
347,NORMAL,1.412562,0.000000,0.000000,0.200000,0.220000
348,NORMAL,1.416054,0.000000,0.000000,0.050000,0.060000
349,NORMAL,1.382367,0.000000,0.100000,0.150000,0.100000
350,NORMAL,1.436002,0.000000,0.000000,0.100000,0.120000
351,NORMAL,1.414803,0.200000,0.100000,0.050000,0.080000
352,NORMAL,1.427876,0.000000,0.000000,0.100000,0.140000
353,NORMAL,1.420340,0.200000,0.100000,0.050000,0.140000
354,NORMAL,1.389649,0.000000,0.000000,0.000000,0.100000
355,NORMAL,1.401047,0.000000,0.100000,0.150000,0.200000
356,NORMAL,1.404816,0.000000,0.000000,0.050000,0.140000
357,NORMAL,1.404991,0.200000,0.200000,0.250000,0.300000
358,NORMAL,1.078240,0.000000,0.000000,0.000000,0.040000
359,NORMAL,1.409573,0.000000,0.000000,0.200000,0.380000
360,NORMAL,1.387636,0.000000,0.100000,0.100000,0.160000
361,NORMAL,1.404745,0.200000,0.100000,0.100000,0.180000
362,NORMAL,1.384094,0.200000,0.400000,0.200000,0.180000
363,NORMAL,1.397216,0.400000,0.300000,0.400000,0.440000
364,NORMAL,1.375086,0.000000,0.000000,0.050000,0.180000
365,NORMAL,1.445533,0.000000,0.000000,0.100000,0.120000
366,NORMAL,1.415794,0.000000,0.100000,0.200000,0.220000
367,NORMAL,1.453478,0.200000,0.100000,0.100000,0.180000
368,NORMAL,1.404162,0.400000,0.200000,0.350000,0.260000
369,NORMAL,1.401908,0.200000,0.200000,0.200000,0.400000
370,NORMAL,1.418288,0.000000,0.200000,0.150000,0.220000
371,NORMAL,1.412070,0.000000,0.000000,0.050000,0.120000
372,NORMAL,1.429699,0.200000,0.200000,0.100000,0.180000
373,NORMAL,1.419379,0.000000,0.200000,0.200000,0.180000
374,NORMAL,1.417215,0.000000,0.000000,0.100000,0.240000
375,NORMAL,1.412856,0.000000,0.100000,0.100000,0.180000
376,NORMAL,1.402795,0.000000,0.000000,0.000000,0.220000
377,NORMAL,1.441032,0.200000,0.200000,0.300000,0.300000
378,NORMAL,1.407367,0.200000,0.200000,0.150000,0.260000
379,NORMAL,1.397122,0.000000,0.000000,0.200000,0.220000
380,NORMAL,1.411399,0.400000,0.200000,0.250000,0.260000
381,NORMAL,1.321408,0.200000,0.100000,0.050000,0.120000
382,NORMAL,1.441650,0.000000,0.000000,0.100000,0.220000
383,NORMAL,1.433464,0.000000,0.000000,0.150000,0.260000
384,NORMAL,1.404659,0.000000,0.000000,0.150000,0.160000
385,NORMAL,1.403469,0.000000,0.000000,0.100000,0.200000
386,NORMAL,1.440534,0.200000,0.100000,0.050000,0.160000
387,NORMAL,1.405487,0.000000,0.000000,0.000000,0.160000
388,NORMAL,1.400325,0.000000,0.000000,0.000000,0.060000
389,NORMAL,1.429416,0.000000,0.000000,0.050000,0.060000
390,NORMAL,1.411680,0.400000,0.300000,0.400000,0.440000
391,NORMAL,1.387406,0.400000,0.200000,0.150000,0.140000
392,NORMAL,1.429690,0.200000,0.200000,0.200000,0.240000
393,NORMAL,1.397230,0.000000,0.200000,0.250000,0.300000
394,NORMAL,1.375834,0.000000,0.000000,0.100000,0.180000
395,NORMAL,1.421046,0.000000,0.200000,0.100000,0.260000
396,NORMAL,1.398141,0.000000,0.100000,0.200000,0.220000
397,NORMAL,1.380820,0.000000,0.000000,0.100000,0.200000
398,NORMAL,1.402662,0.200000,0.100000,0.050000,0.060000
399,NORMAL,1.390990,0.200000,0.200000,0.100000,0.220000
400,NORMAL,1.402067,0.200000,0.100000,0.150000,0.280000
401,NORMAL,1.435622,0.000000,0.100000,0.100000,0.180000
402,NORMAL,1.426488,0.000000,0.000000,0.050000,0.120000
403,NORMAL,1.437741,0.600000,0.300000,0.250000,0.260000
404,NORMAL,1.415841,0.000000,0.000000,0.050000,0.240000
405,NORMAL,1.423824,0.000000,0.000000,0.000000,0.140000
406,NORMAL,1.397862,0.000000,0.000000,0.000000,0.060000
407,NORMAL,1.406160,0.000000,0.000000,0.050000,0.180000
408,NORMAL,1.393909,0.000000,0.100000,0.050000,0.140000
409,NORMAL,1.370068,0.000000,0.200000,0.150000,0.200000
410,NORMAL,1.417078,0.000000,0.100000,0.200000,0.300000
411,NORMAL,1.424519,0.000000,0.300000,0.250000,0.280000
412,NORMAL,1.431990,0.000000,0.000000,0.150000,0.160000
413,NORMAL,1.396217,0.000000,0.000000,0.050000,0.040000
414,NORMAL,1.387379,0.000000,0.100000,0.050000,0.220000
415,NORMAL,1.427444,0.000000,0.100000,0.150000,0.200000
416,NORMAL,1.430587,0.200000,0.100000,0.100000,0.180000
417,NORMAL,1.359960,0.200000,0.100000,0.100000,0.180000
418,NORMAL,1.352941,0.000000,0.100000,0.050000,0.080000
419,NORMAL,1.415693,0.000000,0.000000,0.100000,0.140000
420,NORMAL,1.412142,0.000000,0.100000,0.100000,0.240000
421,NORMAL,1.385943,0.000000,0.100000,0.200000,0.320000
422,NORMAL,1.368461,0.200000,0.100000,0.200000,0.200000
423,NORMAL,1.409669,0.000000,0.000000,0.050000,0.200000
424,NORMAL,1.387722,0.200000,0.200000,0.250000,0.340000
425,NORMAL,1.410321,0.200000,0.400000,0.350000,0.380000
426,NORMAL,1.387590,0.000000,0.000000,0.000000,0.040000
427,NORMAL,1.432886,0.000000,0.100000,0.050000,0.180000
428,NORMAL,1.411022,0.000000,0.100000,0.150000,0.220000
429,NORMAL,1.390673,0.000000,0.100000,0.150000,0.140000
430,NORMAL,1.395026,0.000000,0.200000,0.150000,0.160000
431,NORMAL,1.410625,0.000000,0.100000,0.100000,0.160000
432,NORMAL,1.416385,0.600000,0.300000,0.250000,0.240000
433,NORMAL,1.414568,0.000000,0.000000,0.000000,0.120000
434,NORMAL,1.433151,0.000000,0.200000,0.250000,0.300000
435,NORMAL,1.398841,0.000000,0.000000,0.050000,0.160000
436,NORMAL,1.241839,0.000000,0.000000,0.100000,0.100000
437,NORMAL,1.334989,0.200000,0.200000,0.100000,0.300000
438,NORMAL,1.107114,0.000000,0.200000,0.150000,0.220000
439,NORMAL,1.412567,0.000000,0.100000,0.100000,0.120000
440,NORMAL,1.328963,0.000000,0.000000,0.200000,0.320000
441,NORMAL,1.395191,0.200000,0.100000,0.250000,0.300000
442,NORMAL,1.361091,0.000000,0.000000,0.100000,0.160000
443,NORMAL,1.353062,0.000000,0.100000,0.200000,0.160000
444,NORMAL,1.391601,0.000000,0.200000,0.100000,0.180000
445,NORMAL,1.410679,0.000000,0.000000,0.100000,0.280000
446,NORMAL,1.398111,0.000000,0.000000,0.000000,0.020000
447,NORMAL,1.428391,0.000000,0.000000,0.100000,0.300000
448,NORMAL,1.424980,0.000000,0.000000,0.100000,0.280000
449,NORMAL,1.386921,0.200000,0.100000,0.050000,0.180000
450,NORMAL,1.418084,0.000000,0.000000,0.100000,0.180000
451,NORMAL,1.437053,0.000000,0.100000,0.050000,0.180000
452,NORMAL,1.398678,0.000000,0.000000,0.150000,0.180000
453,NORMAL,1.415027,0.000000,0.000000,0.050000,0.100000
454,NORMAL,1.418414,0.000000,0.100000,0.100000,0.180000
455,NORMAL,1.463007,0.000000,0.000000,0.000000,0.160000
456,NORMAL,1.405008,0.200000,0.200000,0.200000,0.220000
457,NORMAL,1.426267,0.000000,0.200000,0.200000,0.360000
458,NORMAL,1.411582,0.000000,0.000000,0.150000,0.220000
459,NORMAL,1.415777,0.200000,0.200000,0.200000,0.240000
460,NORMAL,1.430061,0.200000,0.200000,0.150000,0.320000
461,NORMAL,1.386722,0.000000,0.000000,0.050000,0.120000
462,NORMAL,1.344894,0.000000,0.000000,0.000000,0.040000
463,NORMAL,1.363969,0.200000,0.100000,0.100000,0.060000
464,NORMAL,1.428964,0.000000,0.100000,0.150000,0.220000
465,NORMAL,1.429782,0.000000,0.000000,0.200000,0.260000
466,NORMAL,1.423330,0.200000,0.200000,0.300000,0.260000
467,NORMAL,1.416362,0.000000,0.200000,0.150000,0.260000
468,NORMAL,1.425590,0.000000,0.000000,0.100000,0.260000
469,NORMAL,1.336442,0.200000,0.100000,0.050000,0.040000
470,NORMAL,1.334319,0.000000,0.000000,0.000000,0.040000
471,NORMAL,1.370239,0.000000,0.000000,0.000000,0.060000
472,NORMAL,1.132028,0.000000,0.000000,0.050000,0.040000
473,NORMAL,1.008938,0.000000,0.000000,0.000000,0.040000
474,NORMAL,1.442963,0.000000,0.000000,0.000000,0.000000
475,NORMAL,1.146793,0.000000,0.000000,0.000000,0.020000
476,PNEUMONIA,1.438178,0.000000,0.000000,0.100000,0.200000
477,PNEUMONIA,1.425056,0.200000,0.200000,0.200000,0.220000
478,PNEUMONIA,1.420497,0.000000,0.100000,0.100000,0.100000
479,PNEUMONIA,1.424778,0.000000,0.200000,0.200000,0.300000
480,PNEUMONIA,1.432338,0.000000,0.000000,0.100000,0.120000
481,PNEUMONIA,1.408962,0.200000,0.100000,0.100000,0.240000
482,PNEUMONIA,1.428096,0.000000,0.300000,0.250000,0.320000
483,PNEUMONIA,1.393739,0.000000,0.000000,0.150000,0.140000
484,PNEUMONIA,1.412183,0.000000,0.000000,0.000000,0.160000
485,PNEUMONIA,1.416791,0.000000,0.000000,0.000000,0.000000
486,PNEUMONIA,1.410593,0.200000,0.300000,0.250000,0.200000
487,PNEUMONIA,1.411137,0.000000,0.000000,0.000000,0.160000
488,PNEUMONIA,1.429326,0.000000,0.100000,0.150000,0.120000
489,PNEUMONIA,1.430297,0.000000,0.100000,0.100000,0.240000
490,PNEUMONIA,1.424498,0.000000,0.000000,0.100000,0.200000
491,PNEUMONIA,1.429481,0.200000,0.300000,0.300000,0.240000
492,PNEUMONIA,1.425254,0.000000,0.000000,0.050000,0.100000
493,PNEUMONIA,1.425332,0.000000,0.000000,0.000000,0.180000
494,PNEUMONIA,1.328365,0.000000,0.000000,0.150000,0.160000
495,PNEUMONIA,1.419539,0.000000,0.100000,0.150000,0.260000
496,PNEUMONIA,1.425483,0.000000,0.000000,0.100000,0.140000
497,PNEUMONIA,1.407365,0.200000,0.300000,0.200000,0.260000
498,PNEUMONIA,1.376799,0.000000,0.100000,0.100000,0.120000
499,PNEUMONIA,1.428707,0.000000,0.000000,0.050000,0.200000
500,PNEUMONIA,1.413172,0.200000,0.100000,0.150000,0.180000
501,PNEUMONIA,1.430138,0.000000,0.100000,0.200000,0.340000
502,PNEUMONIA,1.415174,0.000000,0.000000,0.050000,0.080000
503,PNEUMONIA,1.446905,0.000000,0.100000,0.150000,0.160000
504,PNEUMONIA,1.429541,0.200000,0.100000,0.050000,0.040000
505,PNEUMONIA,1.430617,0.200000,0.400000,0.300000,0.320000
506,PNEUMONIA,1.420534,0.000000,0.000000,0.000000,0.020000
507,PNEUMONIA,1.410377,0.200000,0.300000,0.250000,0.180000
508,PNEUMONIA,1.421396,0.000000,0.000000,0.150000,0.240000
509,PNEUMONIA,1.422044,0.000000,0.000000,0.000000,0.100000
510,PNEUMONIA,1.415433,0.000000,0.000000,0.050000,0.120000
511,PNEUMONIA,1.418603,0.000000,0.100000,0.100000,0.120000
512,PNEUMONIA,1.423726,0.000000,0.100000,0.100000,0.240000
513,PNEUMONIA,1.428521,0.200000,0.300000,0.450000,0.480000
514,PNEUMONIA,1.453659,0.000000,0.000000,0.000000,0.100000
515,PNEUMONIA,1.407983,0.400000,0.400000,0.250000,0.220000
516,PNEUMONIA,1.446700,0.000000,0.100000,0.050000,0.180000
517,PNEUMONIA,1.415299,0.000000,0.000000,0.000000,0.040000
518,PNEUMONIA,1.439809,0.000000,0.000000,0.050000,0.060000
519,PNEUMONIA,1.427958,0.200000,0.100000,0.100000,0.120000
520,PNEUMONIA,1.399354,0.000000,0.000000,0.000000,0.080000
521,PNEUMONIA,1.417552,0.200000,0.100000,0.100000,0.100000
522,PNEUMONIA,1.424114,0.000000,0.000000,0.000000,0.060000
523,PNEUMONIA,1.431220,0.000000,0.000000,0.050000,0.060000
524,PNEUMONIA,1.424651,0.000000,0.100000,0.250000,0.340000
525,PNEUMONIA,1.385818,0.000000,0.000000,0.100000,0.100000
526,PNEUMONIA,1.424753,0.000000,0.000000,0.100000,0.140000
527,PNEUMONIA,1.423948,0.000000,0.100000,0.250000,0.200000
528,PNEUMONIA,1.455970,0.000000,0.000000,0.050000,0.060000
529,PNEUMONIA,1.429891,0.000000,0.100000,0.100000,0.140000
530,PNEUMONIA,1.418785,0.000000,0.000000,0.000000,0.060000
531,PNEUMONIA,1.441572,0.000000,0.100000,0.050000,0.040000
532,PNEUMONIA,1.408113,0.000000,0.000000,0.000000,0.080000
533,PNEUMONIA,1.431571,0.000000,0.100000,0.150000,0.100000
534,PNEUMONIA,1.435775,0.000000,0.000000,0.100000,0.120000
535,PNEUMONIA,1.419211,0.000000,0.000000,0.000000,0.080000
536,PNEUMONIA,1.424047,0.000000,0.100000,0.050000,0.100000
537,PNEUMONIA,1.434735,0.000000,0.000000,0.000000,0.120000
538,PNEUMONIA,1.416212,0.000000,0.100000,0.100000,0.160000
539,PNEUMONIA,1.399577,0.000000,0.100000,0.100000,0.200000
540,PNEUMONIA,1.401024,0.000000,0.000000,0.050000,0.120000
541,PNEUMONIA,1.323580,0.200000,0.100000,0.050000,0.080000
542,PNEUMONIA,1.423424,0.000000,0.000000,0.050000,0.240000
543,PNEUMONIA,1.430158,0.000000,0.000000,0.050000,0.080000
544,PNEUMONIA,1.440774,0.000000,0.000000,0.050000,0.220000
545,PNEUMONIA,1.427527,0.200000,0.100000,0.150000,0.120000
546,PNEUMONIA,1.416626,0.000000,0.000000,0.000000,0.120000
547,PNEUMONIA,1.442983,0.000000,0.000000,0.150000,0.120000
548,PNEUMONIA,1.439120,0.000000,0.000000,0.150000,0.300000
549,PNEUMONIA,1.435866,0.000000,0.000000,0.000000,0.140000
550,PNEUMONIA,1.429449,0.000000,0.200000,0.250000,0.160000
551,PNEUMONIA,1.427993,0.200000,0.200000,0.100000,0.060000
552,PNEUMONIA,1.426589,0.000000,0.000000,0.050000,0.100000
553,PNEUMONIA,1.416311,0.000000,0.000000,0.100000,0.200000
554,PNEUMONIA,1.398764,0.000000,0.000000,0.000000,0.000000
555,PNEUMONIA,1.417091,0.000000,0.000000,0.050000,0.120000
556,PNEUMONIA,1.426668,0.000000,0.100000,0.150000,0.200000
557,PNEUMONIA,1.404704,0.000000,0.000000,0.000000,0.120000
558,PNEUMONIA,1.426691,0.200000,0.300000,0.150000,0.160000
559,PNEUMONIA,1.424873,0.000000,0.100000,0.100000,0.120000
560,PNEUMONIA,1.414636,0.000000,0.100000,0.150000,0.200000
561,PNEUMONIA,1.432390,0.000000,0.000000,0.000000,0.040000
562,PNEUMONIA,1.327345,0.000000,0.000000,0.000000,0.100000
563,PNEUMONIA,1.442880,0.200000,0.200000,0.100000,0.140000
564,PNEUMONIA,1.444687,0.000000,0.000000,0.100000,0.220000
565,PNEUMONIA,1.424704,0.000000,0.000000,0.000000,0.060000
566,PNEUMONIA,1.420075,0.000000,0.000000,0.050000,0.200000
567,PNEUMONIA,1.383549,0.200000,0.100000,0.150000,0.120000
568,PNEUMONIA,1.417567,0.000000,0.100000,0.050000,0.160000
569,PNEUMONIA,1.428128,0.000000,0.100000,0.100000,0.260000
570,PNEUMONIA,1.410576,0.000000,0.000000,0.100000,0.240000
571,PNEUMONIA,1.415605,0.000000,0.000000,0.050000,0.160000
572,PNEUMONIA,1.411552,0.000000,0.100000,0.050000,0.060000
573,PNEUMONIA,1.421581,0.200000,0.200000,0.200000,0.260000
574,PNEUMONIA,1.426420,0.000000,0.000000,0.050000,0.120000
575,PNEUMONIA,1.412483,0.000000,0.100000,0.050000,0.080000
576,PNEUMONIA,1.123035,0.000000,0.000000,0.000000,0.000000
577,PNEUMONIA,1.411967,0.200000,0.100000,0.300000,0.280000
578,PNEUMONIA,1.441145,0.200000,0.100000,0.200000,0.160000
579,PNEUMONIA,1.441353,0.000000,0.000000,0.050000,0.160000
580,PNEUMONIA,1.437463,0.000000,0.100000,0.150000,0.260000
581,PNEUMONIA,1.419149,0.000000,0.000000,0.150000,0.160000
582,PNEUMONIA,1.436771,0.400000,0.300000,0.300000,0.280000
583,PNEUMONIA,1.425749,0.000000,0.100000,0.150000,0.200000
584,PNEUMONIA,1.436650,0.200000,0.100000,0.050000,0.080000
585,PNEUMONIA,1.413966,0.000000,0.000000,0.050000,0.040000
586,PNEUMONIA,1.403913,0.000000,0.000000,0.050000,0.200000
587,PNEUMONIA,1.403355,0.000000,0.000000,0.000000,0.060000
588,PNEUMONIA,1.428139,0.000000,0.000000,0.000000,0.040000
589,PNEUMONIA,1.439781,0.000000,0.000000,0.200000,0.180000
590,PNEUMONIA,1.424639,0.000000,0.000000,0.000000,0.020000
591,PNEUMONIA,1.414611,0.000000,0.000000,0.150000,0.160000
592,PNEUMONIA,1.411028,0.000000,0.000000,0.100000,0.260000
593,PNEUMONIA,1.440778,0.000000,0.000000,0.050000,0.100000
594,PNEUMONIA,1.427161,0.200000,0.200000,0.250000,0.260000
595,PNEUMONIA,1.414526,0.000000,0.000000,0.000000,0.100000
596,PNEUMONIA,1.409759,0.000000,0.100000,0.050000,0.160000
597,PNEUMONIA,1.431275,0.000000,0.200000,0.100000,0.140000
598,PNEUMONIA,1.410602,0.000000,0.000000,0.150000,0.300000
599,PNEUMONIA,1.431173,0.000000,0.000000,0.050000,0.100000
600,PNEUMONIA,1.422561,0.200000,0.200000,0.150000,0.180000
601,PNEUMONIA,1.402864,0.000000,0.000000,0.050000,0.040000
602,PNEUMONIA,1.424197,0.000000,0.000000,0.150000,0.180000
603,PNEUMONIA,1.435870,0.000000,0.100000,0.100000,0.200000
604,PNEUMONIA,1.420185,0.000000,0.000000,0.050000,0.040000
605,PNEUMONIA,1.434608,0.000000,0.100000,0.050000,0.100000
606,PNEUMONIA,1.432347,0.200000,0.100000,0.150000,0.100000
607,PNEUMONIA,1.425736,0.000000,0.000000,0.000000,0.040000
608,PNEUMONIA,1.475137,0.000000,0.300000,0.150000,0.240000
609,PNEUMONIA,1.447451,0.000000,0.000000,0.050000,0.040000
610,PNEUMONIA,1.414021,0.200000,0.100000,0.050000,0.200000
611,PNEUMONIA,1.425572,0.200000,0.100000,0.100000,0.080000
612,PNEUMONIA,1.432357,0.000000,0.000000,0.150000,0.180000
613,PNEUMONIA,1.438597,0.000000,0.100000,0.100000,0.160000
614,PNEUMONIA,1.424668,0.000000,0.100000,0.050000,0.120000
615,PNEUMONIA,1.433148,0.000000,0.000000,0.050000,0.120000
616,PNEUMONIA,1.438921,0.200000,0.100000,0.050000,0.200000
617,PNEUMONIA,1.161793,0.000000,0.000000,0.050000,0.060000
618,PNEUMONIA,1.404462,0.200000,0.100000,0.150000,0.100000
619,PNEUMONIA,1.418439,0.200000,0.100000,0.150000,0.100000
620,PNEUMONIA,1.412514,0.000000,0.100000,0.050000,0.120000
621,PNEUMONIA,1.411846,0.200000,0.100000,0.200000,0.240000
622,PNEUMONIA,1.412655,0.000000,0.000000,0.050000,0.100000
623,PNEUMONIA,1.405525,0.000000,0.000000,0.000000,0.040000
624,PNEUMONIA,1.418980,0.200000,0.200000,0.150000,0.200000
625,PNEUMONIA,1.426228,0.000000,0.000000,0.050000,0.280000
626,PNEUMONIA,1.423113,0.000000,0.000000,0.000000,0.200000
627,PNEUMONIA,1.420046,0.000000,0.000000,0.050000,0.060000
628,PNEUMONIA,1.423336,0.000000,0.000000,0.000000,0.060000
629,PNEUMONIA,1.444693,0.000000,0.000000,0.050000,0.040000
630,PNEUMONIA,1.425874,0.200000,0.100000,0.150000,0.080000
631,PNEUMONIA,1.411465,0.000000,0.000000,0.000000,0.040000
632,PNEUMONIA,1.429675,0.200000,0.100000,0.050000,0.160000
633,PNEUMONIA,1.434403,0.000000,0.000000,0.150000,0.100000
634,PNEUMONIA,1.458405,0.000000,0.000000,0.050000,0.180000
635,PNEUMONIA,1.386717,0.000000,0.000000,0.050000,0.100000
636,PNEUMONIA,1.187325,0.000000,0.000000,0.000000,0.000000
637,PNEUMONIA,1.425518,0.000000,0.000000,0.000000,0.040000
638,PNEUMONIA,1.429318,0.000000,0.000000,0.100000,0.240000
639,PNEUMONIA,1.422708,0.000000,0.100000,0.100000,0.220000
640,PNEUMONIA,1.449231,0.200000,0.100000,0.050000,0.060000
641,PNEUMONIA,1.439674,0.200000,0.100000,0.050000,0.080000
642,PNEUMONIA,1.433390,0.000000,0.000000,0.000000,0.060000
643,PNEUMONIA,1.424935,0.000000,0.100000,0.050000,0.140000
644,PNEUMONIA,1.415026,0.000000,0.100000,0.150000,0.240000
645,PNEUMONIA,1.437341,0.200000,0.100000,0.100000,0.060000
646,PNEUMONIA,1.421238,0.000000,0.100000,0.200000,0.200000
647,PNEUMONIA,1.429783,0.200000,0.200000,0.250000,0.240000
648,PNEUMONIA,1.419588,0.000000,0.100000,0.100000,0.120000
649,PNEUMONIA,1.431663,0.200000,0.200000,0.200000,0.260000
650,PNEUMONIA,1.411159,0.000000,0.000000,0.050000,0.140000
651,PNEUMONIA,1.411151,0.200000,0.200000,0.200000,0.260000
652,PNEUMONIA,1.418302,0.200000,0.100000,0.200000,0.300000
653,PNEUMONIA,1.411787,0.000000,0.000000,0.150000,0.240000
654,PNEUMONIA,1.414624,0.000000,0.100000,0.100000,0.180000
655,PNEUMONIA,1.425766,0.000000,0.100000,0.200000,0.160000
656,PNEUMONIA,1.427777,0.000000,0.100000,0.150000,0.240000
657,PNEUMONIA,1.427070,0.000000,0.100000,0.150000,0.080000
658,PNEUMONIA,1.419510,0.000000,0.000000,0.050000,0.240000
659,PNEUMONIA,1.429665,0.000000,0.100000,0.100000,0.180000
660,PNEUMONIA,1.416598,0.000000,0.000000,0.000000,0.300000
661,PNEUMONIA,1.430731,0.000000,0.100000,0.150000,0.200000
662,PNEUMONIA,1.421528,0.000000,0.000000,0.050000,0.180000
663,PNEUMONIA,1.431731,0.000000,0.100000,0.100000,0.160000
664,PNEUMONIA,1.431481,0.000000,0.000000,0.050000,0.120000
665,PNEUMONIA,1.426342,0.000000,0.100000,0.150000,0.200000
666,PNEUMONIA,1.410409,0.200000,0.200000,0.200000,0.320000
667,PNEUMONIA,1.416678,0.000000,0.200000,0.200000,0.240000
668,PNEUMONIA,1.428563,0.000000,0.000000,0.100000,0.140000
669,PNEUMONIA,1.414448,0.000000,0.000000,0.100000,0.220000
670,PNEUMONIA,1.421821,0.200000,0.100000,0.200000,0.240000
671,PNEUMONIA,1.430444,0.200000,0.200000,0.300000,0.340000
672,PNEUMONIA,1.432807,0.000000,0.000000,0.000000,0.040000
673,PNEUMONIA,1.423411,0.000000,0.000000,0.050000,0.080000
674,PNEUMONIA,1.434253,0.200000,0.100000,0.150000,0.220000
675,PNEUMONIA,1.431891,0.000000,0.100000,0.100000,0.240000
676,PNEUMONIA,1.425317,0.000000,0.200000,0.200000,0.280000
677,PNEUMONIA,1.411606,0.000000,0.300000,0.250000,0.160000
678,PNEUMONIA,1.439641,0.000000,0.100000,0.050000,0.240000
679,PNEUMONIA,1.369638,0.000000,0.000000,0.000000,0.020000
680,PNEUMONIA,1.428278,0.000000,0.000000,0.150000,0.180000
681,PNEUMONIA,1.059070,0.000000,0.000000,0.000000,0.000000
682,PNEUMONIA,1.427119,0.200000,0.100000,0.100000,0.280000
683,PNEUMONIA,1.423463,0.200000,0.100000,0.300000,0.280000
684,PNEUMONIA,1.396220,0.000000,0.000000,0.100000,0.180000
685,PNEUMONIA,1.413400,0.000000,0.000000,0.000000,0.220000
686,PNEUMONIA,1.455946,0.000000,0.000000,0.000000,0.020000
687,PNEUMONIA,1.430275,0.000000,0.100000,0.200000,0.240000
688,PNEUMONIA,1.441689,0.000000,0.100000,0.200000,0.200000
689,PNEUMONIA,1.420578,0.000000,0.000000,0.000000,0.160000
690,PNEUMONIA,1.432809,0.000000,0.000000,0.050000,0.060000
691,PNEUMONIA,1.417350,0.400000,0.200000,0.150000,0.120000
692,PNEUMONIA,1.413601,0.000000,0.000000,0.100000,0.180000
693,PNEUMONIA,1.428633,0.000000,0.000000,0.200000,0.240000
694,PNEUMONIA,1.430045,0.200000,0.200000,0.150000,0.140000
695,PNEUMONIA,1.431768,0.000000,0.100000,0.050000,0.080000
696,PNEUMONIA,1.419219,0.200000,0.200000,0.150000,0.140000
697,PNEUMONIA,1.423120,0.000000,0.000000,0.000000,0.040000
698,PNEUMONIA,1.432866,0.000000,0.300000,0.200000,0.300000
699,PNEUMONIA,1.421842,0.000000,0.200000,0.150000,0.080000
700,PNEUMONIA,1.393412,0.000000,0.000000,0.000000,0.020000
701,PNEUMONIA,1.431176,0.000000,0.000000,0.000000,0.120000
702,PNEUMONIA,1.422751,0.000000,0.100000,0.100000,0.160000
703,PNEUMONIA,1.434259,0.400000,0.300000,0.400000,0.380000
704,PNEUMONIA,1.416619,0.000000,0.000000,0.100000,0.140000
705,PNEUMONIA,1.444734,0.000000,0.000000,0.000000,0.040000
706,PNEUMONIA,1.417879,0.000000,0.000000,0.050000,0.220000
707,PNEUMONIA,1.419391,0.200000,0.100000,0.050000,0.100000
708,PNEUMONIA,1.413816,0.200000,0.200000,0.250000,0.280000
709,PNEUMONIA,1.428165,0.000000,0.200000,0.200000,0.200000
710,PNEUMONIA,1.429690,0.000000,0.000000,0.000000,0.120000
711,PNEUMONIA,1.430952,0.000000,0.200000,0.150000,0.140000
712,PNEUMONIA,1.419673,0.000000,0.100000,0.050000,0.220000
713,PNEUMONIA,1.414069,0.400000,0.200000,0.150000,0.220000
714,PNEUMONIA,1.420201,0.000000,0.100000,0.200000,0.160000
715,PNEUMONIA,1.437429,0.000000,0.000000,0.050000,0.060000
716,PNEUMONIA,1.431763,0.000000,0.000000,0.000000,0.120000
717,PNEUMONIA,1.425702,0.000000,0.100000,0.100000,0.180000
718,PNEUMONIA,1.437261,0.000000,0.100000,0.050000,0.160000
719,PNEUMONIA,1.434736,0.000000,0.000000,0.000000,0.160000
720,PNEUMONIA,1.419283,0.000000,0.000000,0.050000,0.080000
721,PNEUMONIA,1.411945,0.000000,0.100000,0.100000,0.100000
722,PNEUMONIA,1.420627,0.000000,0.100000,0.100000,0.180000
723,PNEUMONIA,1.443491,0.200000,0.100000,0.100000,0.240000
724,PNEUMONIA,1.419429,0.000000,0.000000,0.200000,0.240000
725,PNEUMONIA,1.430253,0.200000,0.100000,0.150000,0.180000
726,PNEUMONIA,1.428722,0.000000,0.000000,0.150000,0.220000
727,PNEUMONIA,1.419525,0.000000,0.100000,0.100000,0.060000
728,PNEUMONIA,1.420661,0.200000,0.200000,0.150000,0.260000
729,PNEUMONIA,1.413222,0.200000,0.100000,0.100000,0.160000
730,PNEUMONIA,1.416366,0.000000,0.100000,0.200000,0.200000
731,PNEUMONIA,1.418575,0.000000,0.000000,0.000000,0.060000
732,PNEUMONIA,1.414879,0.000000,0.000000,0.000000,0.100000
733,PNEUMONIA,1.439659,0.200000,0.300000,0.250000,0.220000
734,PNEUMONIA,1.411668,0.000000,0.300000,0.300000,0.340000
735,PNEUMONIA,1.426224,0.000000,0.100000,0.350000,0.260000
736,PNEUMONIA,1.311212,0.000000,0.000000,0.000000,0.000000
737,PNEUMONIA,1.419076,0.000000,0.000000,0.000000,0.060000
738,PNEUMONIA,1.413467,0.000000,0.000000,0.100000,0.220000
739,PNEUMONIA,1.417109,0.000000,0.100000,0.150000,0.140000
740,PNEUMONIA,1.409416,0.000000,0.100000,0.050000,0.060000
741,PNEUMONIA,1.438610,0.000000,0.000000,0.050000,0.140000
742,PNEUMONIA,1.420161,0.000000,0.000000,0.050000,0.040000
743,PNEUMONIA,1.423232,0.200000,0.100000,0.200000,0.240000
744,PNEUMONIA,1.414260,0.000000,0.000000,0.050000,0.120000
745,PNEUMONIA,1.432771,0.000000,0.000000,0.000000,0.080000
746,PNEUMONIA,1.413725,0.200000,0.100000,0.100000,0.080000
747,PNEUMONIA,1.336972,0.000000,0.000000,0.000000,0.080000
748,PNEUMONIA,1.438303,0.000000,0.200000,0.200000,0.140000
749,PNEUMONIA,1.426700,0.200000,0.200000,0.100000,0.140000
750,PNEUMONIA,1.429642,0.000000,0.000000,0.000000,0.060000
751,PNEUMONIA,1.465879,0.000000,0.000000,0.050000,0.080000
752,PNEUMONIA,1.412423,0.000000,0.000000,0.000000,0.120000
753,PNEUMONIA,1.406589,0.200000,0.100000,0.200000,0.180000
754,PNEUMONIA,1.405676,0.200000,0.100000,0.100000,0.120000
755,PNEUMONIA,1.444503,0.000000,0.000000,0.050000,0.100000
756,PNEUMONIA,1.415572,0.000000,0.100000,0.100000,0.100000
757,PNEUMONIA,1.417424,0.200000,0.100000,0.100000,0.120000
758,PNEUMONIA,1.384746,0.200000,0.200000,0.150000,0.220000
759,PNEUMONIA,1.421066,0.400000,0.200000,0.350000,0.280000
760,PNEUMONIA,1.411245,0.000000,0.000000,0.050000,0.120000
761,PNEUMONIA,1.400934,0.200000,0.100000,0.250000,0.200000
762,PNEUMONIA,1.431751,0.000000,0.000000,0.000000,0.220000
763,PNEUMONIA,1.427082,0.000000,0.100000,0.050000,0.020000
764,PNEUMONIA,1.421055,0.000000,0.000000,0.000000,0.080000
765,PNEUMONIA,1.411197,0.000000,0.100000,0.100000,0.120000
766,PNEUMONIA,1.438556,0.000000,0.000000,0.000000,0.060000
767,PNEUMONIA,1.398963,0.200000,0.200000,0.200000,0.220000
768,PNEUMONIA,1.413091,0.000000,0.100000,0.150000,0.180000
769,PNEUMONIA,1.445820,0.000000,0.000000,0.000000,0.120000
770,PNEUMONIA,1.432955,0.000000,0.100000,0.050000,0.100000
771,PNEUMONIA,1.399693,0.000000,0.000000,0.150000,0.280000
772,PNEUMONIA,1.434041,0.000000,0.200000,0.250000,0.240000
773,PNEUMONIA,1.440120,0.200000,0.200000,0.150000,0.120000
774,PNEUMONIA,1.426371,0.000000,0.100000,0.050000,0.120000
775,PNEUMONIA,1.408382,0.000000,0.100000,0.050000,0.060000
776,PNEUMONIA,1.247423,0.000000,0.000000,0.000000,0.000000
777,PNEUMONIA,1.424091,0.000000,0.000000,0.000000,0.080000
778,PNEUMONIA,1.398781,0.000000,0.000000,0.050000,0.120000
779,PNEUMONIA,1.423749,0.000000,0.000000,0.000000,0.060000
780,PNEUMONIA,1.425405,0.000000,0.100000,0.150000,0.140000
781,PNEUMONIA,1.419189,0.000000,0.000000,0.000000,0.160000
782,PNEUMONIA,1.450227,0.000000,0.100000,0.100000,0.120000
783,PNEUMONIA,1.431522,0.200000,0.100000,0.050000,0.120000
784,PNEUMONIA,1.427051,0.200000,0.100000,0.050000,0.060000
785,PNEUMONIA,1.415175,0.000000,0.100000,0.050000,0.120000
786,PNEUMONIA,1.431437,0.000000,0.000000,0.000000,0.100000
787,PNEUMONIA,1.393336,0.000000,0.100000,0.150000,0.140000
788,PNEUMONIA,1.439068,0.000000,0.000000,0.050000,0.040000
789,PNEUMONIA,1.415427,0.000000,0.100000,0.050000,0.160000
790,PNEUMONIA,1.452876,0.000000,0.100000,0.050000,0.120000
791,PNEUMONIA,1.415734,0.000000,0.200000,0.200000,0.220000
792,PNEUMONIA,1.432072,0.200000,0.100000,0.100000,0.200000
793,PNEUMONIA,1.417886,0.200000,0.100000,0.050000,0.100000
794,PNEUMONIA,1.419422,0.000000,0.000000,0.000000,0.140000
795,PNEUMONIA,1.383845,0.000000,0.100000,0.050000,0.120000
796,PNEUMONIA,1.419414,0.400000,0.200000,0.100000,0.120000
797,PNEUMONIA,1.430807,0.000000,0.200000,0.250000,0.280000
798,PNEUMONIA,1.433592,0.000000,0.000000,0.000000,0.140000
799,PNEUMONIA,1.420054,0.000000,0.000000,0.000000,0.040000
800,PNEUMONIA,1.415786,0.000000,0.100000,0.050000,0.220000
801,PNEUMONIA,1.414061,0.200000,0.200000,0.100000,0.160000
802,PNEUMONIA,1.434881,0.200000,0.100000,0.150000,0.180000
803,PNEUMONIA,1.422357,0.000000,0.000000,0.000000,0.100000
804,PNEUMONIA,1.423465,0.200000,0.100000,0.050000,0.220000
805,PNEUMONIA,1.423714,0.000000,0.100000,0.150000,0.100000
806,PNEUMONIA,1.350494,0.000000,0.000000,0.050000,0.080000
807,PNEUMONIA,1.127626,0.200000,0.100000,0.050000,0.060000
808,PNEUMONIA,1.429202,0.200000,0.200000,0.200000,0.220000
809,PNEUMONIA,1.420660,0.000000,0.000000,0.050000,0.200000
810,PNEUMONIA,1.419552,0.000000,0.100000,0.050000,0.120000
811,PNEUMONIA,1.429463,0.000000,0.000000,0.050000,0.080000
812,PNEUMONIA,1.418384,0.000000,0.000000,0.000000,0.100000
813,PNEUMONIA,1.433387,0.200000,0.200000,0.200000,0.180000
814,PNEUMONIA,1.412625,0.000000,0.100000,0.200000,0.180000
815,PNEUMONIA,1.393650,0.000000,0.000000,0.000000,0.040000
816,PNEUMONIA,1.418234,0.200000,0.400000,0.400000,0.440000
817,PNEUMONIA,1.427780,0.000000,0.000000,0.000000,0.040000
818,PNEUMONIA,1.422615,0.000000,0.000000,0.000000,0.060000
819,PNEUMONIA,1.429493,0.000000,0.000000,0.150000,0.200000
820,PNEUMONIA,1.417272,0.000000,0.200000,0.300000,0.260000
821,PNEUMONIA,1.436247,0.200000,0.100000,0.200000,0.160000
822,PNEUMONIA,1.436856,0.200000,0.100000,0.150000,0.200000
823,PNEUMONIA,1.428223,0.000000,0.100000,0.100000,0.180000
824,PNEUMONIA,1.443031,0.000000,0.100000,0.100000,0.160000
825,PNEUMONIA,1.425319,0.200000,0.200000,0.100000,0.140000
826,PNEUMONIA,1.395346,0.000000,0.100000,0.050000,0.080000
827,PNEUMONIA,1.434917,0.000000,0.000000,0.000000,0.100000
828,PNEUMONIA,1.177994,0.000000,0.000000,0.150000,0.120000
829,PNEUMONIA,1.430786,0.000000,0.000000,0.000000,0.080000
830,PNEUMONIA,1.283952,0.000000,0.100000,0.100000,0.080000
831,PNEUMONIA,1.433427,0.000000,0.000000,0.050000,0.060000
832,PNEUMONIA,1.444078,0.000000,0.300000,0.350000,0.380000
833,PNEUMONIA,1.429406,0.000000,0.000000,0.050000,0.060000
834,PNEUMONIA,1.450812,0.000000,0.000000,0.000000,0.040000
835,PNEUMONIA,1.430803,0.000000,0.000000,0.100000,0.300000
836,PNEUMONIA,1.398457,0.200000,0.100000,0.100000,0.140000
837,PNEUMONIA,1.422727,0.000000,0.000000,0.000000,0.080000
838,PNEUMONIA,1.419864,0.200000,0.100000,0.200000,0.160000
839,PNEUMONIA,1.424194,0.000000,0.100000,0.150000,0.320000
840,PNEUMONIA,1.434578,0.000000,0.000000,0.000000,0.120000
841,PNEUMONIA,1.415070,0.000000,0.200000,0.200000,0.140000
842,PNEUMONIA,1.404261,0.000000,0.100000,0.200000,0.240000
843,PNEUMONIA,1.427399,0.200000,0.100000,0.250000,0.280000
844,PNEUMONIA,1.417886,0.000000,0.000000,0.000000,0.040000
845,PNEUMONIA,1.423845,0.000000,0.100000,0.050000,0.120000
846,PNEUMONIA,1.420367,0.000000,0.200000,0.250000,0.380000
847,PNEUMONIA,1.417659,0.200000,0.200000,0.300000,0.460000
848,PNEUMONIA,1.420226,0.200000,0.200000,0.100000,0.220000
849,PNEUMONIA,1.418004,0.000000,0.100000,0.050000,0.060000
850,PNEUMONIA,1.444662,0.400000,0.300000,0.250000,0.260000
851,PNEUMONIA,1.431464,0.000000,0.100000,0.150000,0.260000
852,PNEUMONIA,1.430462,0.400000,0.300000,0.250000,0.200000
853,PNEUMONIA,1.408400,0.000000,0.000000,0.050000,0.100000
854,PNEUMONIA,1.427191,0.000000,0.100000,0.050000,0.100000
855,PNEUMONIA,1.434927,0.000000,0.000000,0.000000,0.020000
856,PNEUMONIA,1.401747,0.200000,0.200000,0.200000,0.260000
857,PNEUMONIA,1.424759,0.000000,0.100000,0.050000,0.100000
858,PNEUMONIA,1.431597,0.200000,0.200000,0.300000,0.260000
859,PNEUMONIA,1.421906,0.200000,0.200000,0.300000,0.240000
860,PNEUMONIA,1.423006,0.200000,0.400000,0.250000,0.320000
861,PNEUMONIA,1.437558,0.600000,0.400000,0.350000,0.240000
862,PNEUMONIA,1.429062,0.400000,0.400000,0.200000,0.200000
863,PNEUMONIA,1.425989,0.400000,0.400000,0.300000,0.160000
864,PNEUMONIA,1.420690,0.000000,0.100000,0.050000,0.300000
865,PNEUMONIA,1.419894,0.000000,0.200000,0.150000,0.280000
866,PNEUMONIA,1.376635,0.200000,0.100000,0.100000,0.200000
867,PNEUMONIA,1.430822,0.000000,0.000000,0.050000,0.100000
868,PNEUMONIA,1.419541,0.200000,0.200000,0.150000,0.240000
869,PNEUMONIA,1.399368,0.000000,0.100000,0.050000,0.100000
870,PNEUMONIA,1.423139,0.200000,0.200000,0.200000,0.140000
871,PNEUMONIA,1.429714,0.200000,0.200000,0.250000,0.320000
872,PNEUMONIA,1.436583,0.000000,0.100000,0.100000,0.300000
873,PNEUMONIA,1.426589,0.400000,0.200000,0.150000,0.340000
874,PNEUMONIA,1.426527,0.000000,0.000000,0.150000,0.160000
875,PNEUMONIA,1.423943,0.200000,0.100000,0.300000,0.260000
876,PNEUMONIA,1.442502,0.200000,0.200000,0.200000,0.480000
877,PNEUMONIA,1.439790,0.200000,0.100000,0.050000,0.080000
878,PNEUMONIA,1.426460,0.000000,0.200000,0.100000,0.140000
879,PNEUMONIA,1.440315,0.000000,0.100000,0.050000,0.020000
880,PNEUMONIA,1.444863,0.000000,0.000000,0.200000,0.200000
881,PNEUMONIA,1.426163,0.200000,0.100000,0.250000,0.160000
882,PNEUMONIA,0.993614,0.000000,0.000000,0.000000,0.020000
883,PNEUMONIA,1.417530,0.000000,0.000000,0.050000,0.100000
884,PNEUMONIA,1.410304,0.200000,0.200000,0.200000,0.280000
885,PNEUMONIA,1.410482,0.000000,0.100000,0.150000,0.120000
886,PNEUMONIA,1.423638,0.200000,0.200000,0.200000,0.240000
887,PNEUMONIA,1.423195,0.200000,0.100000,0.300000,0.340000
888,PNEUMONIA,1.415295,0.200000,0.100000,0.100000,0.320000
889,PNEUMONIA,1.417606,0.200000,0.200000,0.150000,0.100000
890,PNEUMONIA,1.411368,0.000000,0.000000,0.000000,0.120000
891,PNEUMONIA,1.421239,0.200000,0.100000,0.100000,0.100000
892,PNEUMONIA,1.428656,0.400000,0.500000,0.300000,0.300000
893,PNEUMONIA,1.416941,0.000000,0.100000,0.100000,0.120000
894,PNEUMONIA,1.369907,0.000000,0.000000,0.000000,0.060000
895,PNEUMONIA,1.423924,0.000000,0.200000,0.150000,0.240000
896,PNEUMONIA,1.430522,0.000000,0.000000,0.100000,0.220000
897,PNEUMONIA,1.433846,0.000000,0.100000,0.150000,0.280000
898,PNEUMONIA,1.423851,0.200000,0.200000,0.200000,0.120000
899,PNEUMONIA,1.423851,0.200000,0.200000,0.200000,0.120000
900,PNEUMONIA,1.422583,0.000000,0.000000,0.100000,0.120000
901,PNEUMONIA,1.433481,0.000000,0.100000,0.200000,0.140000
902,PNEUMONIA,1.435493,0.000000,0.000000,0.050000,0.160000
903,PNEUMONIA,1.416672,0.000000,0.100000,0.050000,0.100000
904,PNEUMONIA,1.427279,0.000000,0.000000,0.100000,0.220000
905,PNEUMONIA,1.431061,0.200000,0.200000,0.150000,0.160000
906,PNEUMONIA,1.420995,0.200000,0.100000,0.050000,0.120000
907,PNEUMONIA,1.380683,0.200000,0.100000,0.100000,0.100000
908,PNEUMONIA,1.428733,0.000000,0.000000,0.000000,0.000000
909,PNEUMONIA,1.421796,0.000000,0.000000,0.100000,0.180000
910,PNEUMONIA,1.427853,0.200000,0.100000,0.150000,0.280000
911,PNEUMONIA,1.407282,0.000000,0.100000,0.050000,0.080000
912,PNEUMONIA,1.404844,0.000000,0.000000,0.050000,0.140000
913,PNEUMONIA,1.413476,0.000000,0.000000,0.000000,0.080000
914,PNEUMONIA,1.298252,0.000000,0.000000,0.000000,0.000000
915,PNEUMONIA,1.419073,0.000000,0.100000,0.050000,0.240000
916,PNEUMONIA,1.389288,0.000000,0.000000,0.150000,0.260000
917,PNEUMONIA,1.448491,0.000000,0.000000,0.000000,0.140000
918,PNEUMONIA,1.422803,0.200000,0.200000,0.300000,0.220000
919,PNEUMONIA,1.430649,0.400000,0.200000,0.250000,0.220000
920,PNEUMONIA,1.440298,0.000000,0.000000,0.150000,0.200000
921,PNEUMONIA,1.421357,0.000000,0.000000,0.000000,0.060000
922,PNEUMONIA,1.435487,0.000000,0.000000,0.000000,0.000000
923,PNEUMONIA,1.426383,0.000000,0.100000,0.150000,0.420000
924,PNEUMONIA,1.414210,0.000000,0.100000,0.050000,0.080000
925,PNEUMONIA,1.400574,0.000000,0.100000,0.100000,0.140000
926,PNEUMONIA,1.428086,0.000000,0.000000,0.050000,0.140000
927,PNEUMONIA,1.413916,0.000000,0.000000,0.000000,0.040000
928,PNEUMONIA,1.410101,0.200000,0.200000,0.200000,0.200000
929,PNEUMONIA,1.438193,0.000000,0.000000,0.000000,0.120000
930,PNEUMONIA,1.425216,0.600000,0.400000,0.400000,0.400000
931,PNEUMONIA,1.422453,0.200000,0.200000,0.250000,0.280000
932,PNEUMONIA,1.423294,0.000000,0.000000,0.000000,0.100000
933,PNEUMONIA,1.423761,0.000000,0.000000,0.000000,0.080000
934,PNEUMONIA,1.418118,0.000000,0.000000,0.050000,0.120000
935,PNEUMONIA,1.428761,0.000000,0.100000,0.300000,0.300000
936,PNEUMONIA,1.399298,0.000000,0.000000,0.000000,0.080000
937,PNEUMONIA,1.421652,0.000000,0.100000,0.100000,0.260000
938,PNEUMONIA,1.426745,0.000000,0.000000,0.150000,0.160000
939,PNEUMONIA,1.413256,0.000000,0.100000,0.050000,0.060000
940,PNEUMONIA,0.689917,0.000000,0.000000,0.000000,0.000000
941,PNEUMONIA,1.427890,0.000000,0.000000,0.000000,0.020000
942,PNEUMONIA,1.430656,0.200000,0.400000,0.300000,0.240000
943,PNEUMONIA,1.414410,0.000000,0.000000,0.100000,0.100000
944,PNEUMONIA,1.437305,0.000000,0.000000,0.050000,0.120000
945,PNEUMONIA,1.417090,0.000000,0.100000,0.050000,0.080000
946,PNEUMONIA,1.430100,0.000000,0.000000,0.050000,0.160000
947,PNEUMONIA,1.432949,0.000000,0.000000,0.100000,0.060000
948,PNEUMONIA,1.395856,0.000000,0.000000,0.150000,0.180000
949,PNEUMONIA,1.422946,0.000000,0.100000,0.100000,0.060000
950,PNEUMONIA,1.441862,0.000000,0.000000,0.000000,0.100000
951,PNEUMONIA,1.411054,0.000000,0.000000,0.050000,0.100000
952,PNEUMONIA,1.409545,0.200000,0.200000,0.100000,0.180000
953,PNEUMONIA,1.425963,0.200000,0.100000,0.200000,0.260000
954,PNEUMONIA,1.432242,0.000000,0.100000,0.150000,0.120000
955,PNEUMONIA,1.420629,0.200000,0.100000,0.100000,0.140000
956,PNEUMONIA,1.421215,0.200000,0.100000,0.050000,0.160000
957,PNEUMONIA,1.447256,0.000000,0.000000,0.100000,0.040000
958,PNEUMONIA,1.419538,0.000000,0.000000,0.100000,0.200000
959,PNEUMONIA,1.439166,0.000000,0.200000,0.100000,0.160000
960,PNEUMONIA,1.409022,0.000000,0.100000,0.100000,0.080000
961,PNEUMONIA,1.432552,0.000000,0.200000,0.150000,0.320000
962,PNEUMONIA,1.422488,0.000000,0.100000,0.350000,0.360000
963,PNEUMONIA,1.441859,0.000000,0.000000,0.000000,0.100000
964,PNEUMONIA,1.423188,0.000000,0.100000,0.100000,0.100000
965,PNEUMONIA,1.417745,0.000000,0.000000,0.100000,0.120000
966,PNEUMONIA,1.412530,0.200000,0.100000,0.050000,0.060000
967,PNEUMONIA,1.417714,0.000000,0.100000,0.050000,0.120000
968,PNEUMONIA,1.433356,0.000000,0.000000,0.050000,0.080000
969,PNEUMONIA,1.421661,0.000000,0.000000,0.000000,0.080000
970,PNEUMONIA,1.422689,0.000000,0.000000,0.100000,0.080000
971,PNEUMONIA,1.429089,0.000000,0.000000,0.100000,0.240000
972,PNEUMONIA,1.448045,0.000000,0.000000,0.050000,0.220000
973,PNEUMONIA,1.429233,0.000000,0.200000,0.100000,0.080000
974,PNEUMONIA,1.430316,0.000000,0.000000,0.100000,0.100000
975,PNEUMONIA,1.405763,0.000000,0.100000,0.200000,0.140000
976,PNEUMONIA,1.418638,0.000000,0.100000,0.100000,0.120000
977,PNEUMONIA,1.413450,0.200000,0.200000,0.100000,0.140000
978,PNEUMONIA,1.426892,0.200000,0.100000,0.150000,0.180000
979,PNEUMONIA,1.426507,0.000000,0.100000,0.200000,0.260000
980,PNEUMONIA,1.424025,0.000000,0.000000,0.000000,0.020000
981,PNEUMONIA,1.440731,0.000000,0.100000,0.100000,0.140000
982,PNEUMONIA,1.441072,0.000000,0.100000,0.050000,0.140000
983,PNEUMONIA,1.420700,0.000000,0.000000,0.000000,0.040000
984,PNEUMONIA,1.443408,0.000000,0.000000,0.050000,0.160000
985,PNEUMONIA,1.423005,0.000000,0.100000,0.050000,0.080000
986,PNEUMONIA,1.424687,0.000000,0.000000,0.150000,0.160000
987,PNEUMONIA,1.419423,0.200000,0.100000,0.250000,0.200000
988,PNEUMONIA,1.429585,0.000000,0.000000,0.200000,0.160000
989,PNEUMONIA,1.406666,0.000000,0.000000,0.050000,0.200000
990,PNEUMONIA,1.418496,0.000000,0.100000,0.200000,0.280000
991,PNEUMONIA,1.437902,0.000000,0.100000,0.100000,0.160000
992,PNEUMONIA,1.421217,0.400000,0.300000,0.200000,0.300000
993,PNEUMONIA,1.421568,0.000000,0.000000,0.100000,0.140000
994,PNEUMONIA,1.417460,0.000000,0.100000,0.150000,0.160000
995,PNEUMONIA,1.400638,0.200000,0.200000,0.200000,0.160000
996,PNEUMONIA,1.427528,0.200000,0.200000,0.150000,0.300000
997,PNEUMONIA,1.400771,0.000000,0.100000,0.050000,0.280000
998,PNEUMONIA,1.424487,0.200000,0.300000,0.350000,0.280000
999,PNEUMONIA,1.411456,0.000000,0.100000,0.100000,0.180000
1000,PNEUMONIA,1.417920,0.000000,0.100000,0.100000,0.120000
1001,PNEUMONIA,1.425728,0.200000,0.100000,0.100000,0.140000
1002,PNEUMONIA,1.416838,0.000000,0.000000,0.100000,0.180000
1003,PNEUMONIA,1.437366,0.000000,0.100000,0.100000,0.100000
1004,PNEUMONIA,1.418386,0.000000,0.000000,0.000000,0.040000
1005,PNEUMONIA,1.423732,0.000000,0.000000,0.050000,0.040000
1006,PNEUMONIA,1.448092,0.200000,0.100000,0.200000,0.160000
1007,PNEUMONIA,1.434125,0.000000,0.000000,0.100000,0.120000
1008,PNEUMONIA,1.416870,0.000000,0.000000,0.050000,0.180000
1009,PNEUMONIA,1.395882,0.400000,0.300000,0.250000,0.240000
1010,PNEUMONIA,1.423590,0.000000,0.000000,0.050000,0.320000
1011,PNEUMONIA,1.415689,0.400000,0.200000,0.100000,0.140000
1012,PNEUMONIA,1.420482,0.000000,0.000000,0.100000,0.140000
1013,PNEUMONIA,1.418570,0.000000,0.000000,0.150000,0.140000
1014,PNEUMONIA,1.445050,0.000000,0.000000,0.050000,0.080000
1015,PNEUMONIA,1.445992,0.000000,0.200000,0.100000,0.040000
1016,PNEUMONIA,1.410843,0.000000,0.000000,0.150000,0.300000
1017,PNEUMONIA,1.419375,0.200000,0.200000,0.150000,0.240000
1018,PNEUMONIA,1.419163,0.000000,0.000000,0.000000,0.100000
1019,PNEUMONIA,1.434418,0.400000,0.200000,0.250000,0.360000
1020,PNEUMONIA,1.440128,0.000000,0.000000,0.000000,0.080000
1021,PNEUMONIA,1.421110,0.000000,0.000000,0.050000,0.100000
1022,PNEUMONIA,1.450162,0.000000,0.000000,0.000000,0.120000
1023,PNEUMONIA,1.429278,0.200000,0.300000,0.400000,0.400000
1024,PNEUMONIA,1.429601,0.000000,0.100000,0.150000,0.140000
1025,PNEUMONIA,1.432421,0.000000,0.000000,0.000000,0.080000
1026,PNEUMONIA,1.414778,0.200000,0.100000,0.100000,0.120000
1027,PNEUMONIA,1.417349,0.000000,0.100000,0.100000,0.180000
1028,PNEUMONIA,1.425708,0.000000,0.100000,0.150000,0.180000
1029,PNEUMONIA,1.446183,0.200000,0.100000,0.200000,0.160000
1030,PNEUMONIA,1.450820,0.400000,0.200000,0.150000,0.220000
1031,PNEUMONIA,1.447899,0.000000,0.000000,0.050000,0.120000
1032,PNEUMONIA,1.398249,0.000000,0.000000,0.100000,0.160000
1033,PNEUMONIA,1.425609,0.000000,0.000000,0.000000,0.120000
1034,PNEUMONIA,1.447983,0.200000,0.100000,0.100000,0.120000
1035,PNEUMONIA,1.443056,0.000000,0.100000,0.150000,0.140000
1036,PNEUMONIA,1.426162,0.200000,0.200000,0.200000,0.200000
1037,PNEUMONIA,1.427864,0.000000,0.000000,0.000000,0.040000
1038,PNEUMONIA,1.416941,0.000000,0.100000,0.050000,0.120000
1039,PNEUMONIA,1.418602,0.000000,0.100000,0.150000,0.300000
1040,PNEUMONIA,1.418724,0.000000,0.100000,0.050000,0.160000
1041,PNEUMONIA,1.455185,0.000000,0.000000,0.050000,0.100000
1042,PNEUMONIA,1.429562,0.000000,0.100000,0.050000,0.180000
1043,PNEUMONIA,1.426777,0.000000,0.000000,0.000000,0.040000
1044,PNEUMONIA,1.417766,0.200000,0.100000,0.250000,0.160000
1045,PNEUMONIA,1.364939,0.200000,0.200000,0.200000,0.180000
1046,PNEUMONIA,1.346380,0.000000,0.000000,0.100000,0.160000
1047,PNEUMONIA,1.432743,0.000000,0.200000,0.150000,0.300000
1048,PNEUMONIA,1.383094,0.000000,0.000000,0.000000,0.040000
1049,PNEUMONIA,1.402524,0.200000,0.100000,0.200000,0.160000
1050,PNEUMONIA,1.427720,0.000000,0.000000,0.050000,0.080000
1051,PNEUMONIA,1.417073,0.200000,0.100000,0.100000,0.220000
1052,PNEUMONIA,1.407162,0.000000,0.000000,0.000000,0.040000
1053,PNEUMONIA,1.406013,0.000000,0.000000,0.000000,0.160000
1054,PNEUMONIA,1.409383,0.000000,0.000000,0.100000,0.120000
1055,PNEUMONIA,1.407055,0.200000,0.100000,0.050000,0.080000
1056,PNEUMONIA,1.411470,0.200000,0.100000,0.050000,0.100000
1057,PNEUMONIA,1.273409,0.000000,0.000000,0.000000,0.000000
1058,PNEUMONIA,1.420184,0.200000,0.100000,0.100000,0.080000
1059,PNEUMONIA,1.442218,0.200000,0.100000,0.150000,0.120000
1060,PNEUMONIA,1.429473,0.000000,0.100000,0.100000,0.280000
1061,PNEUMONIA,1.427005,0.000000,0.000000,0.050000,0.020000
1062,PNEUMONIA,1.425896,0.000000,0.200000,0.150000,0.200000
1063,PNEUMONIA,1.417832,0.000000,0.000000,0.050000,0.120000
1064,PNEUMONIA,1.427678,0.000000,0.000000,0.000000,0.220000
1065,PNEUMONIA,1.419327,0.000000,0.000000,0.100000,0.080000
1066,PNEUMONIA,1.424836,0.000000,0.100000,0.050000,0.100000
1067,PNEUMONIA,1.434166,0.000000,0.000000,0.100000,0.180000
1068,PNEUMONIA,1.433297,0.200000,0.100000,0.050000,0.180000
1069,PNEUMONIA,1.423384,0.000000,0.000000,0.000000,0.140000
1070,PNEUMONIA,1.415694,0.000000,0.000000,0.000000,0.040000
1071,PNEUMONIA,1.415817,0.000000,0.000000,0.000000,0.040000
1072,PNEUMONIA,1.430958,0.000000,0.000000,0.100000,0.080000
1073,PNEUMONIA,1.416442,0.000000,0.000000,0.050000,0.040000
1074,PNEUMONIA,1.432089,0.000000,0.000000,0.100000,0.120000
1075,PNEUMONIA,1.408172,0.000000,0.000000,0.050000,0.200000
1076,PNEUMONIA,1.443175,0.000000,0.100000,0.150000,0.180000
1077,PNEUMONIA,1.432545,0.000000,0.000000,0.000000,0.040000
1078,PNEUMONIA,1.403474,0.000000,0.100000,0.150000,0.240000
1079,PNEUMONIA,1.426114,0.000000,0.100000,0.100000,0.180000
1080,PNEUMONIA,1.423675,0.000000,0.000000,0.150000,0.140000
1081,PNEUMONIA,1.399366,0.000000,0.000000,0.000000,0.040000
1082,PNEUMONIA,1.409106,0.000000,0.000000,0.000000,0.080000
1083,PNEUMONIA,1.414492,0.000000,0.100000,0.150000,0.280000
1084,PNEUMONIA,1.418874,0.000000,0.100000,0.200000,0.140000
1085,PNEUMONIA,1.428079,0.000000,0.000000,0.050000,0.080000
1086,PNEUMONIA,1.440609,0.400000,0.400000,0.300000,0.240000
1087,PNEUMONIA,1.403388,0.000000,0.000000,0.000000,0.140000
1088,PNEUMONIA,1.436888,0.000000,0.000000,0.000000,0.000000
1089,PNEUMONIA,1.415406,0.000000,0.000000,0.000000,0.120000
1090,PNEUMONIA,1.411409,0.200000,0.200000,0.100000,0.220000
1091,PNEUMONIA,1.414071,0.200000,0.300000,0.200000,0.280000
1092,PNEUMONIA,1.436053,0.000000,0.100000,0.100000,0.180000
1093,PNEUMONIA,1.433279,0.000000,0.100000,0.150000,0.100000
1094,PNEUMONIA,1.439541,0.200000,0.300000,0.200000,0.200000
1095,PNEUMONIA,1.427654,0.200000,0.100000,0.050000,0.120000
1096,PNEUMONIA,1.421275,0.000000,0.000000,0.000000,0.060000
1097,PNEUMONIA,1.395751,0.200000,0.100000,0.100000,0.100000
1098,PNEUMONIA,1.421758,0.200000,0.100000,0.050000,0.180000
1099,PNEUMONIA,1.434221,0.000000,0.200000,0.200000,0.300000
1100,PNEUMONIA,1.425540,0.000000,0.100000,0.200000,0.280000
1101,PNEUMONIA,1.408783,0.000000,0.000000,0.100000,0.120000
1102,PNEUMONIA,1.411406,0.000000,0.100000,0.150000,0.120000
1103,PNEUMONIA,1.398598,0.200000,0.200000,0.250000,0.240000
1104,PNEUMONIA,1.424936,0.400000,0.400000,0.350000,0.300000
1105,PNEUMONIA,1.424849,0.200000,0.100000,0.100000,0.160000
1106,PNEUMONIA,1.425930,0.000000,0.100000,0.100000,0.100000
1107,PNEUMONIA,1.416467,0.200000,0.300000,0.150000,0.160000
1108,PNEUMONIA,1.426267,0.200000,0.200000,0.250000,0.260000
1109,PNEUMONIA,1.425280,0.000000,0.200000,0.200000,0.320000
1110,PNEUMONIA,1.421685,0.000000,0.200000,0.250000,0.280000
1111,PNEUMONIA,1.429081,0.000000,0.000000,0.000000,0.080000
1112,PNEUMONIA,1.411454,0.000000,0.000000,0.100000,0.160000
1113,PNEUMONIA,1.422297,0.200000,0.200000,0.100000,0.100000
1114,PNEUMONIA,1.422005,0.000000,0.100000,0.150000,0.140000
1115,PNEUMONIA,1.413209,0.000000,0.000000,0.050000,0.080000
1116,PNEUMONIA,1.125691,0.000000,0.000000,0.050000,0.120000
1117,PNEUMONIA,1.359710,0.200000,0.300000,0.200000,0.200000
1118,PNEUMONIA,1.414562,0.000000,0.000000,0.050000,0.120000
1119,PNEUMONIA,1.415538,0.000000,0.000000,0.100000,0.200000
1120,PNEUMONIA,1.428524,0.000000,0.000000,0.050000,0.260000
1121,PNEUMONIA,1.394882,0.000000,0.000000,0.200000,0.120000
1122,PNEUMONIA,1.406332,0.200000,0.300000,0.250000,0.260000
1123,PNEUMONIA,1.405166,0.000000,0.000000,0.050000,0.100000
1124,PNEUMONIA,1.443382,0.000000,0.000000,0.050000,0.120000
1125,PNEUMONIA,1.433490,0.000000,0.000000,0.000000,0.220000
1126,PNEUMONIA,1.431404,0.000000,0.100000,0.050000,0.120000
1127,PNEUMONIA,1.433520,0.000000,0.000000,0.000000,0.040000
1128,PNEUMONIA,1.425443,0.000000,0.000000,0.000000,0.000000
1129,PNEUMONIA,1.421661,0.000000,0.100000,0.150000,0.240000
1130,PNEUMONIA,1.442229,0.000000,0.000000,0.000000,0.100000
1131,PNEUMONIA,1.378427,0.400000,0.200000,0.100000,0.100000
1132,PNEUMONIA,1.430792,0.200000,0.200000,0.150000,0.200000
1133,PNEUMONIA,1.439683,0.000000,0.000000,0.150000,0.260000
1134,PNEUMONIA,1.407397,0.000000,0.000000,0.000000,0.020000
1135,PNEUMONIA,1.424911,0.200000,0.100000,0.050000,0.160000
1136,PNEUMONIA,1.441852,0.000000,0.000000,0.050000,0.100000
1137,PNEUMONIA,1.413224,0.000000,0.000000,0.000000,0.080000
1138,PNEUMONIA,1.429158,0.000000,0.100000,0.100000,0.180000
1139,PNEUMONIA,1.437942,0.200000,0.100000,0.050000,0.080000
1140,PNEUMONIA,1.276736,0.000000,0.100000,0.050000,0.100000
1141,PNEUMONIA,1.434112,0.000000,0.000000,0.050000,0.060000
1142,PNEUMONIA,1.432623,0.000000,0.000000,0.150000,0.220000
1143,PNEUMONIA,1.410471,0.000000,0.300000,0.300000,0.200000
1144,PNEUMONIA,1.428154,0.000000,0.100000,0.100000,0.120000
1145,PNEUMONIA,1.427203,0.000000,0.000000,0.050000,0.160000
1146,PNEUMONIA,1.410673,0.000000,0.000000,0.200000,0.180000
1147,PNEUMONIA,1.425625,0.000000,0.000000,0.050000,0.200000
1148,PNEUMONIA,1.410146,0.200000,0.100000,0.050000,0.080000
1149,PNEUMONIA,1.424424,0.000000,0.100000,0.100000,0.180000
1150,PNEUMONIA,1.413746,0.000000,0.000000,0.000000,0.120000
1151,PNEUMONIA,1.418604,0.000000,0.000000,0.150000,0.280000
1152,PNEUMONIA,1.417451,0.000000,0.000000,0.000000,0.100000
1153,PNEUMONIA,1.433533,0.200000,0.100000,0.050000,0.180000
1154,PNEUMONIA,1.435510,0.000000,0.000000,0.000000,0.020000
1155,PNEUMONIA,1.454577,0.200000,0.100000,0.050000,0.280000
1156,PNEUMONIA,1.455142,0.200000,0.100000,0.150000,0.180000
1157,PNEUMONIA,1.451247,0.000000,0.000000,0.100000,0.200000
1158,PNEUMONIA,1.406590,0.000000,0.000000,0.000000,0.280000
1159,PNEUMONIA,1.429999,0.000000,0.100000,0.100000,0.100000
1160,PNEUMONIA,1.400252,0.200000,0.200000,0.200000,0.140000
1161,PNEUMONIA,1.436804,0.000000,0.000000,0.050000,0.320000
1162,PNEUMONIA,1.416648,0.000000,0.000000,0.000000,0.020000
1163,PNEUMONIA,1.432840,0.000000,0.200000,0.200000,0.160000
1164,PNEUMONIA,1.425102,0.400000,0.200000,0.300000,0.440000
1165,PNEUMONIA,1.424173,0.200000,0.100000,0.050000,0.100000
1166,PNEUMONIA,1.440729,0.200000,0.100000,0.100000,0.120000
1167,PNEUMONIA,1.424207,0.000000,0.000000,0.050000,0.040000
1168,PNEUMONIA,1.428662,0.200000,0.100000,0.200000,0.160000
1169,PNEUMONIA,1.435845,0.000000,0.000000,0.000000,0.060000
1170,PNEUMONIA,1.423009,0.000000,0.200000,0.250000,0.300000
1171,PNEUMONIA,1.425710,0.200000,0.100000,0.150000,0.180000
1172,PNEUMONIA,1.420355,0.000000,0.000000,0.050000,0.100000
1173,PNEUMONIA,1.461243,0.000000,0.000000,0.100000,0.220000
1174,PNEUMONIA,1.430139,0.000000,0.000000,0.050000,0.020000
1175,PNEUMONIA,1.425188,0.000000,0.000000,0.000000,0.100000
1176,PNEUMONIA,1.437779,0.000000,0.100000,0.150000,0.160000
1177,PNEUMONIA,1.424451,0.000000,0.100000,0.200000,0.240000
1178,PNEUMONIA,1.429070,0.000000,0.000000,0.050000,0.120000
1179,PNEUMONIA,1.403010,0.000000,0.300000,0.300000,0.200000
1180,PNEUMONIA,1.402379,0.200000,0.200000,0.150000,0.220000
1181,PNEUMONIA,1.418750,0.000000,0.100000,0.100000,0.260000
1182,PNEUMONIA,1.424151,0.000000,0.100000,0.050000,0.280000
1183,PNEUMONIA,1.435022,0.200000,0.200000,0.250000,0.360000
1184,PNEUMONIA,1.435622,0.000000,0.000000,0.150000,0.220000
1185,PNEUMONIA,1.427898,0.000000,0.000000,0.050000,0.200000
1186,PNEUMONIA,1.422467,0.200000,0.100000,0.200000,0.120000
1187,PNEUMONIA,1.419403,0.000000,0.000000,0.100000,0.240000
1188,PNEUMONIA,1.415831,0.000000,0.000000,0.050000,0.080000
1189,PNEUMONIA,1.433454,0.000000,0.000000,0.100000,0.200000
1190,PNEUMONIA,1.424035,0.000000,0.000000,0.000000,0.140000
1191,PNEUMONIA,1.403221,0.000000,0.100000,0.150000,0.120000
1192,PNEUMONIA,1.435149,0.200000,0.100000,0.100000,0.060000
1193,PNEUMONIA,1.413725,0.200000,0.300000,0.200000,0.160000
1194,PNEUMONIA,1.456155,0.000000,0.100000,0.150000,0.100000
1195,PNEUMONIA,1.424533,0.000000,0.000000,0.000000,0.140000
1196,PNEUMONIA,1.417447,0.000000,0.000000,0.000000,0.100000
1197,PNEUMONIA,1.423223,0.200000,0.100000,0.050000,0.020000
1198,PNEUMONIA,1.438746,0.000000,0.100000,0.100000,0.280000
1199,PNEUMONIA,1.402049,0.000000,0.000000,0.100000,0.100000
1200,PNEUMONIA,1.432858,0.000000,0.000000,0.000000,0.160000
1201,PNEUMONIA,1.415574,0.000000,0.000000,0.100000,0.140000
1202,PNEUMONIA,1.392514,0.000000,0.200000,0.100000,0.040000
1203,PNEUMONIA,1.424986,0.200000,0.100000,0.100000,0.120000
1204,PNEUMONIA,1.410144,0.000000,0.100000,0.050000,0.080000
1205,PNEUMONIA,1.428502,0.000000,0.000000,0.200000,0.120000
1206,PNEUMONIA,1.432947,0.000000,0.000000,0.050000,0.140000
1207,PNEUMONIA,1.421901,0.200000,0.100000,0.300000,0.340000
1208,PNEUMONIA,1.418841,0.000000,0.200000,0.250000,0.160000
1209,PNEUMONIA,1.426313,0.000000,0.000000,0.250000,0.200000
1210,PNEUMONIA,1.409511,0.000000,0.000000,0.000000,0.100000
1211,PNEUMONIA,1.421475,0.200000,0.100000,0.050000,0.100000
1212,PNEUMONIA,1.413156,0.000000,0.000000,0.050000,0.160000
1213,PNEUMONIA,1.425791,0.000000,0.000000,0.100000,0.060000
1214,PNEUMONIA,1.421251,0.000000,0.100000,0.050000,0.140000
1215,PNEUMONIA,1.474201,0.200000,0.300000,0.250000,0.300000
1216,PNEUMONIA,1.427623,0.200000,0.200000,0.400000,0.420000
1217,PNEUMONIA,1.412341,0.000000,0.000000,0.100000,0.120000
1218,PNEUMONIA,1.421089,0.000000,0.000000,0.100000,0.220000
1219,PNEUMONIA,1.419427,0.000000,0.000000,0.050000,0.060000
1220,PNEUMONIA,1.422298,0.000000,0.000000,0.100000,0.120000
1221,PNEUMONIA,1.439639,0.200000,0.200000,0.150000,0.120000
1222,PNEUMONIA,1.423460,0.000000,0.200000,0.100000,0.120000
1223,PNEUMONIA,1.435373,0.000000,0.100000,0.150000,0.180000
1224,PNEUMONIA,1.415427,0.000000,0.000000,0.000000,0.100000
1225,PNEUMONIA,1.430302,0.000000,0.000000,0.050000,0.120000
1226,PNEUMONIA,1.411228,0.200000,0.300000,0.250000,0.280000
1227,PNEUMONIA,1.425379,0.400000,0.200000,0.100000,0.100000
1228,PNEUMONIA,1.439474,0.000000,0.000000,0.100000,0.140000
1229,PNEUMONIA,1.409571,0.000000,0.100000,0.100000,0.100000
1230,PNEUMONIA,1.412538,0.000000,0.000000,0.000000,0.020000
1231,PNEUMONIA,1.433959,0.200000,0.100000,0.250000,0.180000
1232,PNEUMONIA,1.394400,0.000000,0.100000,0.100000,0.180000
1233,PNEUMONIA,1.423341,0.200000,0.100000,0.100000,0.100000
1234,PNEUMONIA,1.434111,0.000000,0.100000,0.100000,0.160000
1235,PNEUMONIA,1.417511,0.000000,0.000000,0.000000,0.080000
1236,PNEUMONIA,1.413439,0.000000,0.100000,0.100000,0.140000
1237,PNEUMONIA,1.429354,0.000000,0.100000,0.100000,0.120000
1238,PNEUMONIA,1.407732,0.200000,0.100000,0.050000,0.020000
1239,PNEUMONIA,1.419537,0.000000,0.100000,0.050000,0.120000
1240,PNEUMONIA,1.425651,0.000000,0.100000,0.100000,0.120000
1241,PNEUMONIA,1.398586,0.000000,0.000000,0.000000,0.060000
1242,PNEUMONIA,1.418923,0.000000,0.000000,0.100000,0.180000
1243,PNEUMONIA,1.397889,0.200000,0.300000,0.150000,0.200000
1244,PNEUMONIA,1.275191,0.000000,0.000000,0.000000,0.000000
1245,PNEUMONIA,1.423248,0.000000,0.200000,0.200000,0.200000
1246,PNEUMONIA,1.416552,0.200000,0.200000,0.200000,0.120000
1247,PNEUMONIA,1.432684,0.000000,0.000000,0.000000,0.160000
1248,PNEUMONIA,1.421403,0.000000,0.100000,0.200000,0.240000
1249,PNEUMONIA,1.438640,0.200000,0.200000,0.150000,0.200000
1250,PNEUMONIA,1.442550,0.400000,0.200000,0.150000,0.160000
1251,PNEUMONIA,1.432098,0.000000,0.000000,0.050000,0.100000
1252,PNEUMONIA,1.398608,0.200000,0.200000,0.100000,0.180000
1253,PNEUMONIA,1.420810,0.000000,0.200000,0.100000,0.200000
1254,PNEUMONIA,1.408113,0.000000,0.100000,0.100000,0.140000
1255,PNEUMONIA,1.413412,0.200000,0.200000,0.100000,0.060000
1256,PNEUMONIA,1.428761,0.000000,0.100000,0.150000,0.240000
1257,PNEUMONIA,1.427233,0.000000,0.000000,0.000000,0.140000
1258,PNEUMONIA,1.474449,0.000000,0.000000,0.000000,0.020000
1259,PNEUMONIA,1.384308,0.200000,0.100000,0.050000,0.020000
1260,PNEUMONIA,1.425567,0.000000,0.000000,0.100000,0.140000
1261,PNEUMONIA,1.411243,0.000000,0.000000,0.000000,0.120000
1262,PNEUMONIA,1.410306,0.000000,0.100000,0.050000,0.080000
1263,PNEUMONIA,1.428707,0.000000,0.100000,0.050000,0.220000
1264,PNEUMONIA,1.426426,0.400000,0.200000,0.150000,0.220000
1265,PNEUMONIA,1.436014,0.000000,0.000000,0.050000,0.020000
1266,PNEUMONIA,1.434013,0.000000,0.000000,0.050000,0.140000
1267,PNEUMONIA,1.411038,0.200000,0.100000,0.100000,0.060000
1268,PNEUMONIA,1.421709,0.000000,0.200000,0.150000,0.200000
1269,PNEUMONIA,1.409611,0.200000,0.100000,0.050000,0.140000
1270,PNEUMONIA,1.417409,0.200000,0.200000,0.100000,0.180000
1271,PNEUMONIA,1.422459,0.000000,0.000000,0.000000,0.020000
1272,PNEUMONIA,1.408960,0.000000,0.000000,0.000000,0.100000
1273,PNEUMONIA,1.413771,0.000000,0.100000,0.150000,0.160000
1274,PNEUMONIA,1.409621,0.200000,0.100000,0.050000,0.120000
1275,PNEUMONIA,1.401049,0.000000,0.000000,0.000000,0.120000
1276,PNEUMONIA,1.323035,0.000000,0.000000,0.000000,0.060000
1277,PNEUMONIA,1.441575,0.000000,0.100000,0.100000,0.100000
1278,PNEUMONIA,1.420605,0.200000,0.100000,0.150000,0.160000
1279,PNEUMONIA,1.443008,0.000000,0.000000,0.100000,0.140000
1280,PNEUMONIA,1.412637,0.000000,0.100000,0.050000,0.060000
1281,PNEUMONIA,1.416243,0.000000,0.000000,0.150000,0.160000
1282,PNEUMONIA,1.435187,0.000000,0.000000,0.000000,0.100000
1283,PNEUMONIA,1.345464,0.000000,0.000000,0.000000,0.040000
1284,PNEUMONIA,1.423420,0.000000,0.000000,0.000000,0.100000
1285,PNEUMONIA,1.406940,0.200000,0.200000,0.200000,0.140000
1286,PNEUMONIA,1.451248,0.200000,0.100000,0.050000,0.040000
1287,PNEUMONIA,1.443256,0.000000,0.000000,0.000000,0.060000
1288,PNEUMONIA,1.415183,0.000000,0.100000,0.050000,0.040000
1289,PNEUMONIA,1.430201,0.000000,0.300000,0.150000,0.260000
1290,PNEUMONIA,1.410636,0.000000,0.000000,0.000000,0.060000
1291,PNEUMONIA,1.423599,0.000000,0.100000,0.300000,0.160000
1292,PNEUMONIA,1.426817,0.200000,0.100000,0.100000,0.080000
1293,PNEUMONIA,1.408443,0.000000,0.000000,0.000000,0.060000
1294,PNEUMONIA,1.421577,0.000000,0.100000,0.050000,0.160000
1295,PNEUMONIA,1.426046,0.200000,0.100000,0.100000,0.120000
1296,PNEUMONIA,1.432156,0.000000,0.000000,0.150000,0.220000
1297,PNEUMONIA,1.438443,0.000000,0.200000,0.150000,0.160000
1298,PNEUMONIA,1.400554,0.000000,0.000000,0.050000,0.080000
1299,PNEUMONIA,1.402979,0.000000,0.000000,0.000000,0.060000
1300,PNEUMONIA,1.421873,0.000000,0.000000,0.050000,0.120000
1301,PNEUMONIA,1.391963,0.000000,0.100000,0.050000,0.100000
1302,PNEUMONIA,1.441694,0.000000,0.000000,0.150000,0.140000
1303,PNEUMONIA,1.426752,0.200000,0.100000,0.100000,0.180000
1304,PNEUMONIA,1.418271,0.200000,0.100000,0.050000,0.160000
1305,PNEUMONIA,1.414758,0.000000,0.000000,0.050000,0.180000
1306,PNEUMONIA,1.422006,0.200000,0.100000,0.100000,0.200000
1307,PNEUMONIA,1.426469,0.000000,0.000000,0.100000,0.080000
1308,PNEUMONIA,1.414544,0.000000,0.000000,0.100000,0.080000
1309,PNEUMONIA,1.440269,0.000000,0.000000,0.250000,0.300000
1310,PNEUMONIA,1.402910,0.000000,0.000000,0.100000,0.080000
1311,PNEUMONIA,1.394401,0.000000,0.100000,0.150000,0.160000
1312,PNEUMONIA,1.435620,0.200000,0.100000,0.100000,0.180000
1313,PNEUMONIA,1.441598,0.200000,0.100000,0.100000,0.280000
1314,PNEUMONIA,1.432494,0.400000,0.300000,0.300000,0.260000
1315,PNEUMONIA,1.441217,0.200000,0.100000,0.300000,0.200000
1316,PNEUMONIA,1.413576,0.000000,0.000000,0.000000,0.160000
1317,PNEUMONIA,1.420673,0.000000,0.000000,0.000000,0.220000
1318,PNEUMONIA,1.435172,0.000000,0.000000,0.000000,0.100000
1319,PNEUMONIA,1.403415,0.000000,0.000000,0.000000,0.060000
1320,PNEUMONIA,1.565281,0.000000,0.000000,0.000000,0.100000
1321,PNEUMONIA,1.461038,0.200000,0.200000,0.200000,0.280000
1322,PNEUMONIA,1.396986,0.000000,0.000000,0.000000,0.000000
1323,PNEUMONIA,1.420547,0.000000,0.100000,0.150000,0.180000
1324,PNEUMONIA,1.390097,0.000000,0.100000,0.050000,0.080000
1325,PNEUMONIA,1.425634,0.000000,0.000000,0.000000,0.160000
1326,PNEUMONIA,1.434123,0.200000,0.100000,0.050000,0.200000
1327,PNEUMONIA,1.442178,0.000000,0.100000,0.100000,0.180000
1328,PNEUMONIA,1.415540,0.000000,0.100000,0.050000,0.100000
1329,PNEUMONIA,1.411539,0.000000,0.000000,0.100000,0.140000
1330,PNEUMONIA,1.229481,0.000000,0.000000,0.000000,0.060000
1331,PNEUMONIA,1.411183,0.000000,0.100000,0.100000,0.160000
1332,PNEUMONIA,1.415760,0.400000,0.500000,0.250000,0.180000
1333,PNEUMONIA,1.396133,0.000000,0.000000,0.000000,0.060000
1334,PNEUMONIA,1.440554,0.200000,0.200000,0.150000,0.320000
1335,PNEUMONIA,1.417005,0.000000,0.000000,0.100000,0.060000
1336,PNEUMONIA,1.436764,0.000000,0.000000,0.000000,0.060000
1337,PNEUMONIA,1.410654,0.400000,0.300000,0.200000,0.220000
1338,PNEUMONIA,1.398809,0.200000,0.100000,0.050000,0.100000
1339,PNEUMONIA,1.436712,0.000000,0.100000,0.050000,0.060000
1340,PNEUMONIA,1.414189,0.000000,0.000000,0.050000,0.160000
1341,PNEUMONIA,1.410588,0.000000,0.200000,0.150000,0.200000
1342,PNEUMONIA,1.419168,0.000000,0.000000,0.050000,0.080000
1343,PNEUMONIA,1.430037,0.000000,0.000000,0.150000,0.260000
1344,PNEUMONIA,1.428876,0.000000,0.000000,0.050000,0.100000
1345,PNEUMONIA,1.426731,0.000000,0.000000,0.050000,0.120000
1346,PNEUMONIA,1.442673,0.000000,0.200000,0.250000,0.360000
1347,PNEUMONIA,1.441933,0.000000,0.100000,0.050000,0.080000
1348,PNEUMONIA,1.431040,0.000000,0.000000,0.150000,0.180000
1349,PNEUMONIA,1.402107,0.200000,0.100000,0.150000,0.200000
1350,PNEUMONIA,1.400882,0.000000,0.000000,0.050000,0.080000
1351,PNEUMONIA,1.439524,0.200000,0.200000,0.100000,0.100000
1352,PNEUMONIA,1.417961,0.000000,0.400000,0.300000,0.220000
1353,PNEUMONIA,1.421536,0.000000,0.100000,0.100000,0.200000
1354,PNEUMONIA,1.422956,0.000000,0.100000,0.050000,0.200000
1355,PNEUMONIA,1.444556,0.000000,0.100000,0.100000,0.240000
1356,PNEUMONIA,1.435870,0.200000,0.200000,0.150000,0.140000
1357,PNEUMONIA,1.433018,0.400000,0.300000,0.150000,0.180000
1358,PNEUMONIA,1.423497,0.000000,0.100000,0.150000,0.140000
1359,PNEUMONIA,1.423252,0.000000,0.000000,0.150000,0.240000
1360,PNEUMONIA,1.408377,0.000000,0.000000,0.100000,0.160000
1361,PNEUMONIA,1.422486,0.000000,0.000000,0.050000,0.160000
1362,PNEUMONIA,1.415245,0.000000,0.100000,0.250000,0.200000
1363,PNEUMONIA,1.423155,0.200000,0.200000,0.200000,0.180000
1364,PNEUMONIA,1.416132,0.200000,0.200000,0.250000,0.340000
1365,PNEUMONIA,1.426614,0.000000,0.000000,0.050000,0.100000
1366,PNEUMONIA,1.414992,0.200000,0.100000,0.100000,0.180000
1367,PNEUMONIA,1.420450,0.000000,0.000000,0.000000,0.060000
1368,PNEUMONIA,1.451994,0.000000,0.100000,0.050000,0.140000
1369,PNEUMONIA,1.424266,0.000000,0.000000,0.050000,0.100000
1370,PNEUMONIA,1.414486,0.200000,0.100000,0.150000,0.120000
1371,PNEUMONIA,1.429078,0.000000,0.100000,0.100000,0.060000
1372,PNEUMONIA,1.436672,0.000000,0.200000,0.200000,0.240000
1373,PNEUMONIA,1.433525,0.200000,0.100000,0.200000,0.240000
1374,PNEUMONIA,1.430100,0.000000,0.000000,0.150000,0.140000
1375,PNEUMONIA,1.232835,0.000000,0.000000,0.000000,0.020000
1376,PNEUMONIA,1.431589,0.400000,0.200000,0.150000,0.220000
1377,PNEUMONIA,1.423807,0.000000,0.100000,0.300000,0.300000
1378,PNEUMONIA,1.431938,0.000000,0.100000,0.100000,0.160000
1379,PNEUMONIA,1.425350,0.200000,0.300000,0.200000,0.260000
1380,PNEUMONIA,1.427995,0.000000,0.000000,0.100000,0.300000
1381,PNEUMONIA,1.429081,0.000000,0.000000,0.000000,0.100000
1382,PNEUMONIA,1.437553,0.000000,0.000000,0.150000,0.100000
1383,PNEUMONIA,1.412987,0.000000,0.000000,0.050000,0.020000
1384,PNEUMONIA,1.399790,0.200000,0.100000,0.100000,0.120000
1385,PNEUMONIA,1.398252,0.000000,0.000000,0.000000,0.040000
1386,PNEUMONIA,1.434807,0.000000,0.000000,0.100000,0.140000
1387,PNEUMONIA,1.375533,0.000000,0.000000,0.150000,0.080000
1388,PNEUMONIA,1.408966,0.000000,0.000000,0.000000,0.060000
1389,PNEUMONIA,1.422125,0.200000,0.200000,0.200000,0.200000
1390,PNEUMONIA,1.426261,0.000000,0.000000,0.050000,0.160000
1391,PNEUMONIA,1.432491,0.200000,0.300000,0.250000,0.220000
1392,PNEUMONIA,1.441647,0.000000,0.100000,0.050000,0.180000
1393,PNEUMONIA,1.406576,0.000000,0.100000,0.100000,0.260000
1394,PNEUMONIA,1.433246,0.600000,0.300000,0.250000,0.280000
1395,PNEUMONIA,1.417891,0.000000,0.200000,0.100000,0.080000
1396,PNEUMONIA,1.438223,0.200000,0.200000,0.150000,0.180000
1397,PNEUMONIA,1.419119,0.000000,0.200000,0.200000,0.360000
1398,PNEUMONIA,1.385050,0.000000,0.000000,0.050000,0.040000
1399,PNEUMONIA,1.405149,0.200000,0.200000,0.250000,0.260000
1400,PNEUMONIA,1.316010,0.000000,0.100000,0.050000,0.060000
1401,PNEUMONIA,1.392913,0.000000,0.000000,0.050000,0.080000
1402,PNEUMONIA,1.420577,0.000000,0.000000,0.200000,0.460000
1403,PNEUMONIA,1.531131,0.000000,0.100000,0.100000,0.040000
1404,PNEUMONIA,1.431033,0.000000,0.100000,0.100000,0.200000
1405,PNEUMONIA,1.412918,0.000000,0.000000,0.150000,0.140000
1406,PNEUMONIA,1.427677,0.000000,0.100000,0.150000,0.120000
1407,PNEUMONIA,1.330623,0.000000,0.000000,0.000000,0.060000
1408,PNEUMONIA,1.420665,0.000000,0.100000,0.050000,0.180000
1409,PNEUMONIA,1.438431,0.000000,0.000000,0.150000,0.140000
1410,PNEUMONIA,1.427291,0.000000,0.000000,0.050000,0.100000
1411,PNEUMONIA,1.412720,0.000000,0.100000,0.250000,0.260000
1412,PNEUMONIA,1.412122,0.000000,0.000000,0.050000,0.140000
1413,PNEUMONIA,1.422358,0.200000,0.300000,0.300000,0.200000
1414,PNEUMONIA,1.408452,0.000000,0.000000,0.050000,0.080000
1415,PNEUMONIA,1.417186,0.000000,0.000000,0.000000,0.080000
1416,PNEUMONIA,1.425482,0.200000,0.200000,0.300000,0.380000
1417,PNEUMONIA,1.430517,0.000000,0.100000,0.200000,0.120000
1418,PNEUMONIA,1.419015,0.000000,0.100000,0.100000,0.200000
1419,PNEUMONIA,1.424091,0.000000,0.000000,0.050000,0.080000
1420,PNEUMONIA,1.402600,0.000000,0.100000,0.050000,0.080000
1421,PNEUMONIA,1.407319,0.000000,0.000000,0.000000,0.060000
1422,PNEUMONIA,1.421992,0.200000,0.300000,0.250000,0.280000
1423,PNEUMONIA,1.439013,0.000000,0.000000,0.000000,0.000000
1424,PNEUMONIA,1.468170,0.200000,0.100000,0.050000,0.020000
1425,PNEUMONIA,1.436457,0.200000,0.200000,0.150000,0.200000
1426,PNEUMONIA,1.333756,0.000000,0.000000,0.000000,0.020000
1427,PNEUMONIA,1.402632,0.000000,0.100000,0.050000,0.180000
1428,PNEUMONIA,1.431400,0.000000,0.100000,0.050000,0.140000
1429,PNEUMONIA,1.418415,0.000000,0.100000,0.050000,0.100000
1430,PNEUMONIA,1.422762,0.000000,0.000000,0.050000,0.180000
1431,PNEUMONIA,1.414608,0.200000,0.100000,0.100000,0.140000
1432,PNEUMONIA,1.414263,0.200000,0.100000,0.050000,0.160000
1433,PNEUMONIA,1.420231,0.000000,0.000000,0.000000,0.080000
1434,PNEUMONIA,1.429011,0.000000,0.000000,0.000000,0.100000
1435,PNEUMONIA,1.429604,0.000000,0.100000,0.150000,0.140000
1436,PNEUMONIA,1.434810,0.000000,0.000000,0.050000,0.080000
1437,PNEUMONIA,1.419024,0.000000,0.100000,0.100000,0.220000
1438,PNEUMONIA,1.429657,0.000000,0.000000,0.050000,0.140000
1439,PNEUMONIA,1.431674,0.000000,0.000000,0.050000,0.080000
1440,PNEUMONIA,1.429320,0.000000,0.100000,0.050000,0.180000
1441,PNEUMONIA,1.413230,0.000000,0.100000,0.100000,0.080000
1442,PNEUMONIA,1.415466,0.000000,0.000000,0.050000,0.060000
1443,PNEUMONIA,1.427605,0.000000,0.000000,0.050000,0.100000
1444,PNEUMONIA,1.414030,0.000000,0.000000,0.100000,0.220000
1445,PNEUMONIA,1.434464,0.000000,0.000000,0.000000,0.120000
1446,PNEUMONIA,1.431924,0.000000,0.000000,0.050000,0.180000
1447,PNEUMONIA,1.422302,0.000000,0.000000,0.000000,0.040000
1448,PNEUMONIA,1.431545,0.000000,0.200000,0.150000,0.140000
1449,PNEUMONIA,1.348084,0.000000,0.000000,0.000000,0.020000
1450,PNEUMONIA,1.429020,0.000000,0.000000,0.000000,0.000000
1451,PNEUMONIA,1.427080,0.000000,0.100000,0.050000,0.100000
1452,PNEUMONIA,1.412552,0.000000,0.000000,0.000000,0.160000
1453,PNEUMONIA,1.421567,0.200000,0.200000,0.150000,0.120000
1454,PNEUMONIA,1.348112,0.000000,0.000000,0.000000,0.020000
1455,PNEUMONIA,1.429528,0.000000,0.000000,0.100000,0.180000
1456,PNEUMONIA,1.412259,0.000000,0.000000,0.100000,0.140000
1457,PNEUMONIA,1.438125,0.000000,0.300000,0.150000,0.100000
1458,PNEUMONIA,1.406681,0.000000,0.000000,0.050000,0.080000
1459,PNEUMONIA,1.413051,0.000000,0.000000,0.100000,0.240000
1460,PNEUMONIA,1.420156,0.200000,0.200000,0.200000,0.240000
1461,PNEUMONIA,1.414418,0.400000,0.300000,0.250000,0.160000
1462,PNEUMONIA,1.404031,0.000000,0.100000,0.150000,0.120000
1463,PNEUMONIA,1.426525,0.200000,0.200000,0.100000,0.200000
1464,PNEUMONIA,1.415448,0.000000,0.000000,0.050000,0.100000
1465,PNEUMONIA,1.403969,0.200000,0.100000,0.200000,0.200000
1466,PNEUMONIA,1.319041,0.000000,0.000000,0.050000,0.060000
1467,PNEUMONIA,1.425683,0.000000,0.000000,0.000000,0.120000
1468,PNEUMONIA,1.431881,0.200000,0.100000,0.200000,0.280000
1469,PNEUMONIA,1.415787,0.000000,0.100000,0.050000,0.160000
1470,PNEUMONIA,1.415360,0.000000,0.000000,0.050000,0.040000
1471,PNEUMONIA,1.394047,0.400000,0.300000,0.200000,0.220000
1472,PNEUMONIA,1.274474,0.000000,0.000000,0.050000,0.040000
1473,PNEUMONIA,1.437692,0.000000,0.100000,0.050000,0.080000
1474,PNEUMONIA,1.417744,0.000000,0.000000,0.150000,0.280000
1475,PNEUMONIA,1.420207,0.200000,0.100000,0.050000,0.040000
1476,PNEUMONIA,1.237462,0.000000,0.100000,0.050000,0.100000
1477,PNEUMONIA,1.426137,0.000000,0.000000,0.100000,0.200000
1478,PNEUMONIA,1.411198,0.000000,0.100000,0.050000,0.060000
1479,PNEUMONIA,1.470219,0.200000,0.100000,0.150000,0.220000
1480,PNEUMONIA,1.421303,0.000000,0.200000,0.200000,0.100000
1481,PNEUMONIA,1.425735,0.000000,0.100000,0.200000,0.240000
1482,PNEUMONIA,1.415130,0.000000,0.000000,0.050000,0.220000
1483,PNEUMONIA,1.424358,0.000000,0.000000,0.100000,0.140000
1484,PNEUMONIA,1.421659,0.200000,0.100000,0.150000,0.200000
1485,PNEUMONIA,1.423486,0.000000,0.100000,0.150000,0.120000
1486,PNEUMONIA,1.374463,0.000000,0.100000,0.050000,0.120000
1487,PNEUMONIA,1.420116,0.200000,0.100000,0.250000,0.280000
1488,PNEUMONIA,1.408830,0.000000,0.000000,0.000000,0.060000
1489,PNEUMONIA,1.392661,0.000000,0.100000,0.150000,0.120000
1490,PNEUMONIA,1.428554,0.000000,0.000000,0.100000,0.100000
1491,PNEUMONIA,1.422032,0.000000,0.000000,0.150000,0.260000
1492,PNEUMONIA,1.405121,0.000000,0.000000,0.000000,0.060000
1493,PNEUMONIA,1.428814,0.200000,0.100000,0.250000,0.340000
1494,PNEUMONIA,1.418138,0.000000,0.000000,0.100000,0.180000
1495,PNEUMONIA,1.400725,0.000000,0.100000,0.050000,0.120000
1496,PNEUMONIA,1.406346,0.000000,0.000000,0.050000,0.140000
1497,PNEUMONIA,1.438058,0.000000,0.000000,0.050000,0.040000
1498,PNEUMONIA,1.432235,0.200000,0.200000,0.150000,0.140000
1499,PNEUMONIA,1.435118,0.000000,0.100000,0.100000,0.240000
1500,PNEUMONIA,1.403013,0.000000,0.200000,0.150000,0.180000
1501,PNEUMONIA,1.432368,0.000000,0.000000,0.050000,0.080000
1502,PNEUMONIA,1.416558,0.000000,0.000000,0.000000,0.140000
1503,PNEUMONIA,1.425279,0.000000,0.000000,0.000000,0.120000
1504,PNEUMONIA,1.415481,0.000000,0.000000,0.000000,0.040000
1505,PNEUMONIA,1.342392,0.000000,0.000000,0.000000,0.000000
1506,PNEUMONIA,1.424369,0.200000,0.200000,0.200000,0.220000
1507,PNEUMONIA,1.417594,0.000000,0.100000,0.050000,0.080000
1508,PNEUMONIA,1.415870,0.000000,0.000000,0.000000,0.220000
1509,PNEUMONIA,1.441276,0.000000,0.300000,0.200000,0.300000
1510,PNEUMONIA,1.419769,0.000000,0.200000,0.100000,0.120000
1511,PNEUMONIA,1.425407,0.000000,0.000000,0.000000,0.160000
1512,PNEUMONIA,1.429600,0.400000,0.200000,0.100000,0.200000
1513,PNEUMONIA,1.421858,0.000000,0.000000,0.050000,0.100000
1514,PNEUMONIA,1.432710,0.400000,0.200000,0.100000,0.160000
1515,PNEUMONIA,1.427150,0.000000,0.200000,0.250000,0.300000
1516,PNEUMONIA,1.419666,0.400000,0.200000,0.100000,0.140000
1517,PNEUMONIA,1.427356,0.200000,0.100000,0.150000,0.100000
1518,PNEUMONIA,1.391238,0.200000,0.200000,0.100000,0.180000
1519,PNEUMONIA,1.430801,0.000000,0.200000,0.200000,0.280000
1520,PNEUMONIA,1.424141,0.000000,0.100000,0.050000,0.080000
1521,PNEUMONIA,1.424539,0.000000,0.000000,0.050000,0.120000
1522,PNEUMONIA,1.421106,0.000000,0.000000,0.000000,0.080000
1523,PNEUMONIA,1.447397,0.000000,0.000000,0.000000,0.020000
1524,PNEUMONIA,1.409428,0.200000,0.200000,0.100000,0.120000
1525,PNEUMONIA,1.425300,0.000000,0.300000,0.250000,0.260000
1526,PNEUMONIA,1.423142,0.000000,0.100000,0.150000,0.280000
1527,PNEUMONIA,1.421947,0.000000,0.000000,0.100000,0.080000
1528,PNEUMONIA,1.417401,0.200000,0.100000,0.150000,0.080000
1529,PNEUMONIA,1.424495,0.200000,0.100000,0.050000,0.040000
1530,PNEUMONIA,1.428935,0.000000,0.000000,0.200000,0.240000
1531,PNEUMONIA,1.415137,0.000000,0.000000,0.050000,0.180000
1532,PNEUMONIA,1.411565,0.200000,0.300000,0.450000,0.320000
1533,PNEUMONIA,1.418737,0.000000,0.100000,0.050000,0.120000
1534,PNEUMONIA,1.419852,0.000000,0.000000,0.000000,0.080000
1535,PNEUMONIA,1.434114,0.000000,0.200000,0.350000,0.380000
1536,PNEUMONIA,1.424883,0.000000,0.200000,0.150000,0.320000
1537,PNEUMONIA,1.422836,0.000000,0.200000,0.200000,0.160000
1538,PNEUMONIA,1.416986,0.000000,0.100000,0.150000,0.200000
1539,PNEUMONIA,1.428423,0.000000,0.100000,0.100000,0.220000
1540,PNEUMONIA,1.414040,0.000000,0.100000,0.150000,0.160000
1541,PNEUMONIA,1.426460,0.000000,0.100000,0.100000,0.180000
1542,PNEUMONIA,1.423761,0.000000,0.000000,0.000000,0.000000
1543,PNEUMONIA,1.405869,0.000000,0.100000,0.150000,0.180000
1544,PNEUMONIA,1.411389,0.000000,0.000000,0.000000,0.060000
1545,PNEUMONIA,1.417780,0.200000,0.200000,0.250000,0.200000
1546,PNEUMONIA,1.419323,0.000000,0.000000,0.000000,0.000000
1547,PNEUMONIA,1.442750,0.200000,0.200000,0.200000,0.200000
1548,PNEUMONIA,1.436182,0.000000,0.000000,0.100000,0.140000
1549,PNEUMONIA,1.438505,0.000000,0.000000,0.150000,0.140000
1550,PNEUMONIA,1.427994,0.000000,0.000000,0.200000,0.200000
1551,PNEUMONIA,1.416291,0.000000,0.100000,0.100000,0.160000
1552,PNEUMONIA,1.432957,0.000000,0.000000,0.050000,0.120000
1553,PNEUMONIA,1.414780,0.000000,0.100000,0.050000,0.080000
1554,PNEUMONIA,1.409009,0.000000,0.000000,0.000000,0.060000
1555,PNEUMONIA,1.414038,0.000000,0.000000,0.000000,0.080000
1556,PNEUMONIA,1.429283,0.000000,0.000000,0.100000,0.140000
1557,PNEUMONIA,1.426241,0.000000,0.000000,0.050000,0.040000
1558,PNEUMONIA,1.443363,0.000000,0.000000,0.000000,0.100000
1559,PNEUMONIA,1.431469,0.000000,0.100000,0.050000,0.160000
1560,PNEUMONIA,1.408855,0.000000,0.000000,0.000000,0.120000
1561,PNEUMONIA,1.395214,0.000000,0.000000,0.000000,0.080000
1562,PNEUMONIA,1.430456,0.000000,0.100000,0.100000,0.100000
1563,PNEUMONIA,1.423055,0.600000,0.300000,0.200000,0.200000
1564,PNEUMONIA,1.428671,0.000000,0.100000,0.050000,0.080000
1565,PNEUMONIA,1.439141,0.000000,0.000000,0.050000,0.060000
1566,PNEUMONIA,1.416277,0.200000,0.100000,0.100000,0.180000
1567,PNEUMONIA,1.403631,0.000000,0.000000,0.050000,0.140000
1568,PNEUMONIA,1.445491,0.000000,0.100000,0.100000,0.160000
1569,PNEUMONIA,1.403562,0.200000,0.100000,0.150000,0.140000
1570,PNEUMONIA,1.423776,0.000000,0.000000,0.000000,0.000000
1571,PNEUMONIA,1.427081,0.000000,0.100000,0.100000,0.200000
1572,PNEUMONIA,1.435559,0.000000,0.100000,0.200000,0.160000
1573,PNEUMONIA,1.399221,0.000000,0.000000,0.000000,0.060000
1574,PNEUMONIA,1.424840,0.000000,0.000000,0.000000,0.060000
1575,PNEUMONIA,1.413432,0.000000,0.000000,0.100000,0.140000
1576,PNEUMONIA,1.423553,0.000000,0.100000,0.150000,0.260000
1577,PNEUMONIA,1.429723,0.000000,0.100000,0.100000,0.160000
1578,PNEUMONIA,1.436435,0.000000,0.000000,0.050000,0.120000
1579,PNEUMONIA,1.429167,0.000000,0.000000,0.000000,0.080000
1580,PNEUMONIA,1.428138,0.000000,0.000000,0.050000,0.180000
1581,PNEUMONIA,1.435334,0.200000,0.200000,0.150000,0.200000
1582,PNEUMONIA,1.397859,0.000000,0.000000,0.050000,0.140000
1583,PNEUMONIA,1.429028,0.000000,0.200000,0.200000,0.180000
1584,PNEUMONIA,1.408117,0.200000,0.100000,0.150000,0.280000
1585,PNEUMONIA,1.395811,0.200000,0.200000,0.150000,0.160000
1586,PNEUMONIA,1.408198,0.200000,0.100000,0.050000,0.100000
1587,PNEUMONIA,1.415293,0.000000,0.000000,0.100000,0.320000
1588,PNEUMONIA,1.417036,0.200000,0.100000,0.050000,0.040000
1589,PNEUMONIA,1.340479,0.200000,0.100000,0.050000,0.060000
1590,PNEUMONIA,1.401679,0.000000,0.000000,0.100000,0.180000
1591,PNEUMONIA,1.430163,0.000000,0.100000,0.150000,0.120000
1592,PNEUMONIA,1.399272,0.600000,0.400000,0.350000,0.260000
1593,PNEUMONIA,1.399644,0.000000,0.000000,0.000000,0.100000
1594,PNEUMONIA,1.381469,0.400000,0.200000,0.150000,0.140000
1595,PNEUMONIA,1.429481,0.000000,0.100000,0.150000,0.300000
1596,PNEUMONIA,1.397746,0.200000,0.100000,0.050000,0.060000
1597,PNEUMONIA,1.439440,0.000000,0.000000,0.000000,0.040000
1598,PNEUMONIA,1.412563,0.000000,0.000000,0.000000,0.180000
1599,PNEUMONIA,1.430831,0.000000,0.000000,0.050000,0.120000
1600,PNEUMONIA,1.403622,0.000000,0.100000,0.050000,0.240000
1601,PNEUMONIA,1.407123,0.000000,0.100000,0.100000,0.280000
1602,PNEUMONIA,1.414722,0.000000,0.100000,0.100000,0.240000
1603,PNEUMONIA,1.402370,0.000000,0.000000,0.050000,0.100000
1604,PNEUMONIA,1.403971,0.000000,0.000000,0.000000,0.040000
1605,PNEUMONIA,1.228936,0.000000,0.000000,0.100000,0.060000
1606,PNEUMONIA,1.352314,0.000000,0.000000,0.000000,0.040000
1607,PNEUMONIA,1.428097,0.200000,0.100000,0.050000,0.120000
1608,PNEUMONIA,1.423377,0.000000,0.000000,0.100000,0.180000
1609,PNEUMONIA,1.288811,0.000000,0.100000,0.050000,0.080000
1610,PNEUMONIA,1.422181,0.200000,0.100000,0.050000,0.120000
1611,PNEUMONIA,1.420558,0.000000,0.000000,0.000000,0.120000
1612,PNEUMONIA,1.418684,0.000000,0.000000,0.100000,0.180000
1613,PNEUMONIA,1.429355,0.000000,0.000000,0.050000,0.200000
1614,PNEUMONIA,1.409494,0.000000,0.000000,0.000000,0.080000
1615,PNEUMONIA,1.407376,0.000000,0.000000,0.150000,0.200000
1616,PNEUMONIA,1.414667,0.000000,0.000000,0.100000,0.120000
1617,PNEUMONIA,1.405186,0.000000,0.000000,0.000000,0.040000
1618,PNEUMONIA,1.428416,0.000000,0.100000,0.100000,0.220000
1619,PNEUMONIA,1.433298,0.000000,0.000000,0.000000,0.040000
1620,PNEUMONIA,1.442132,0.200000,0.100000,0.100000,0.220000
1621,PNEUMONIA,1.429815,0.000000,0.200000,0.150000,0.220000
1622,PNEUMONIA,1.410039,0.200000,0.300000,0.200000,0.200000
1623,PNEUMONIA,1.411051,0.200000,0.200000,0.150000,0.240000
1624,PNEUMONIA,1.430908,0.200000,0.100000,0.050000,0.020000
1625,PNEUMONIA,1.437106,0.200000,0.200000,0.150000,0.200000
1626,PNEUMONIA,1.432108,0.000000,0.100000,0.150000,0.280000
1627,PNEUMONIA,1.419258,0.000000,0.000000,0.000000,0.020000
1628,PNEUMONIA,1.108188,0.000000,0.000000,0.000000,0.080000
1629,PNEUMONIA,1.382618,0.000000,0.000000,0.000000,0.020000
1630,PNEUMONIA,1.434822,0.200000,0.200000,0.250000,0.320000
1631,PNEUMONIA,1.438922,0.000000,0.200000,0.150000,0.120000
1632,PNEUMONIA,1.433492,0.000000,0.100000,0.150000,0.140000
1633,PNEUMONIA,1.433319,0.000000,0.000000,0.000000,0.000000
1634,PNEUMONIA,1.418439,0.200000,0.200000,0.100000,0.160000
1635,PNEUMONIA,1.421265,0.400000,0.200000,0.200000,0.120000
1636,PNEUMONIA,1.420908,0.000000,0.000000,0.100000,0.160000
1637,PNEUMONIA,1.440103,0.000000,0.000000,0.200000,0.180000
1638,PNEUMONIA,1.414168,0.000000,0.100000,0.100000,0.160000
1639,PNEUMONIA,1.434912,0.000000,0.100000,0.050000,0.180000
1640,PNEUMONIA,1.418800,0.000000,0.100000,0.200000,0.200000
1641,PNEUMONIA,1.413870,0.000000,0.100000,0.100000,0.100000
1642,PNEUMONIA,1.413267,0.000000,0.100000,0.200000,0.180000
1643,PNEUMONIA,1.402976,0.000000,0.200000,0.150000,0.240000
1644,PNEUMONIA,1.394053,0.000000,0.000000,0.050000,0.100000
1645,PNEUMONIA,1.423958,0.000000,0.000000,0.100000,0.160000
1646,PNEUMONIA,1.305856,0.000000,0.000000,0.000000,0.000000
1647,PNEUMONIA,1.430686,0.000000,0.000000,0.000000,0.080000
1648,PNEUMONIA,1.420321,0.000000,0.000000,0.050000,0.100000
1649,PNEUMONIA,1.419569,0.000000,0.100000,0.200000,0.200000
1650,PNEUMONIA,1.431357,0.000000,0.200000,0.200000,0.240000
1651,PNEUMONIA,1.420280,0.000000,0.100000,0.100000,0.140000
1652,PNEUMONIA,1.365595,0.000000,0.000000,0.000000,0.100000
1653,PNEUMONIA,1.377017,0.200000,0.300000,0.300000,0.340000
1654,PNEUMONIA,1.424511,0.000000,0.100000,0.050000,0.100000
1655,PNEUMONIA,1.423111,0.200000,0.200000,0.300000,0.240000
1656,PNEUMONIA,1.420966,0.000000,0.100000,0.200000,0.220000
1657,PNEUMONIA,1.034689,0.200000,0.100000,0.050000,0.060000
1658,PNEUMONIA,1.418866,0.000000,0.200000,0.150000,0.080000
1659,PNEUMONIA,1.416031,0.000000,0.000000,0.100000,0.240000
1660,PNEUMONIA,1.421134,0.000000,0.100000,0.100000,0.120000
1661,PNEUMONIA,1.423176,0.000000,0.100000,0.250000,0.240000
1662,PNEUMONIA,1.424280,0.000000,0.000000,0.050000,0.140000
1663,PNEUMONIA,1.412011,0.000000,0.000000,0.050000,0.120000
1664,PNEUMONIA,1.429746,0.000000,0.000000,0.150000,0.180000
1665,PNEUMONIA,1.438205,0.000000,0.000000,0.050000,0.160000
1666,PNEUMONIA,1.437570,0.000000,0.000000,0.050000,0.240000
1667,PNEUMONIA,1.421801,0.000000,0.100000,0.150000,0.240000
1668,PNEUMONIA,1.431417,0.000000,0.000000,0.150000,0.280000
1669,PNEUMONIA,1.415120,0.000000,0.000000,0.000000,0.160000
1670,PNEUMONIA,1.415099,0.000000,0.000000,0.000000,0.060000
1671,PNEUMONIA,1.410928,0.000000,0.100000,0.150000,0.120000
1672,PNEUMONIA,1.396803,0.200000,0.200000,0.100000,0.160000
1673,PNEUMONIA,1.426155,0.000000,0.000000,0.050000,0.100000
1674,PNEUMONIA,1.414338,0.000000,0.000000,0.050000,0.100000
1675,PNEUMONIA,1.435546,0.000000,0.000000,0.050000,0.040000
1676,PNEUMONIA,1.418161,0.200000,0.200000,0.300000,0.260000
1677,PNEUMONIA,1.435532,0.000000,0.000000,0.050000,0.200000
1678,PNEUMONIA,1.440530,0.000000,0.100000,0.050000,0.060000
1679,PNEUMONIA,1.427853,0.200000,0.100000,0.150000,0.300000
1680,PNEUMONIA,1.419724,0.200000,0.200000,0.150000,0.220000
1681,PNEUMONIA,1.424398,0.000000,0.100000,0.250000,0.240000
1682,PNEUMONIA,1.429305,0.000000,0.200000,0.150000,0.160000
1683,PNEUMONIA,1.425838,0.000000,0.200000,0.150000,0.200000
1684,PNEUMONIA,1.427243,0.000000,0.100000,0.100000,0.240000
1685,PNEUMONIA,1.378856,0.000000,0.000000,0.000000,0.060000
1686,PNEUMONIA,1.427473,0.600000,0.300000,0.250000,0.260000
1687,PNEUMONIA,1.434369,0.200000,0.200000,0.150000,0.320000
1688,PNEUMONIA,1.415630,0.000000,0.100000,0.200000,0.180000
1689,PNEUMONIA,1.427377,0.200000,0.200000,0.150000,0.120000
1690,PNEUMONIA,1.436531,0.000000,0.000000,0.000000,0.000000
1691,PNEUMONIA,1.423234,0.000000,0.000000,0.100000,0.180000
1692,PNEUMONIA,1.444737,0.000000,0.000000,0.050000,0.040000
1693,PNEUMONIA,1.416243,0.000000,0.000000,0.000000,0.040000
1694,PNEUMONIA,1.419117,0.000000,0.000000,0.000000,0.060000
1695,PNEUMONIA,1.421484,0.000000,0.100000,0.150000,0.140000
1696,PNEUMONIA,1.428243,0.200000,0.300000,0.200000,0.220000
1697,PNEUMONIA,1.421187,0.000000,0.000000,0.050000,0.060000
1698,PNEUMONIA,1.405617,0.000000,0.000000,0.000000,0.020000
1699,PNEUMONIA,1.431166,0.000000,0.200000,0.200000,0.340000
1700,PNEUMONIA,1.420712,0.200000,0.100000,0.200000,0.160000
1701,PNEUMONIA,1.414483,0.200000,0.100000,0.150000,0.120000
1702,PNEUMONIA,1.410986,0.000000,0.100000,0.250000,0.220000
1703,PNEUMONIA,1.431354,0.000000,0.000000,0.100000,0.260000
1704,PNEUMONIA,1.423214,0.000000,0.100000,0.100000,0.140000
1705,PNEUMONIA,1.430661,0.000000,0.000000,0.000000,0.140000
1706,PNEUMONIA,1.429218,0.000000,0.000000,0.050000,0.100000
1707,PNEUMONIA,1.432069,0.000000,0.100000,0.150000,0.260000
1708,PNEUMONIA,1.407931,0.000000,0.100000,0.100000,0.100000
1709,PNEUMONIA,1.404308,0.000000,0.100000,0.250000,0.200000
1710,PNEUMONIA,1.402248,0.200000,0.100000,0.100000,0.180000
1711,PNEUMONIA,1.415286,0.000000,0.100000,0.150000,0.220000
1712,PNEUMONIA,1.447351,0.000000,0.000000,0.000000,0.120000
1713,PNEUMONIA,1.444131,0.000000,0.000000,0.100000,0.180000
1714,PNEUMONIA,1.445781,0.000000,0.000000,0.100000,0.080000
1715,PNEUMONIA,1.415138,0.000000,0.000000,0.050000,0.060000
1716,PNEUMONIA,1.422008,0.000000,0.000000,0.000000,0.100000
1717,PNEUMONIA,1.417516,0.000000,0.000000,0.000000,0.020000
1718,PNEUMONIA,1.412139,0.200000,0.200000,0.250000,0.300000
1719,PNEUMONIA,1.422703,0.000000,0.000000,0.100000,0.220000
1720,PNEUMONIA,1.416055,0.000000,0.000000,0.000000,0.020000
1721,PNEUMONIA,1.425712,0.000000,0.000000,0.000000,0.100000
1722,PNEUMONIA,1.418909,0.000000,0.200000,0.200000,0.260000
1723,PNEUMONIA,1.418321,0.000000,0.000000,0.150000,0.300000
1724,PNEUMONIA,1.428776,0.000000,0.000000,0.100000,0.120000
1725,PNEUMONIA,1.423348,0.200000,0.200000,0.250000,0.260000
1726,PNEUMONIA,1.431409,0.000000,0.000000,0.100000,0.200000
1727,PNEUMONIA,1.422426,0.000000,0.000000,0.100000,0.100000
1728,PNEUMONIA,1.419423,0.000000,0.000000,0.100000,0.180000
1729,PNEUMONIA,1.440543,0.000000,0.000000,0.050000,0.160000
1730,PNEUMONIA,1.440376,0.000000,0.000000,0.050000,0.100000
1731,PNEUMONIA,1.425843,0.000000,0.000000,0.000000,0.080000
1732,PNEUMONIA,1.435455,0.000000,0.300000,0.350000,0.280000
1733,PNEUMONIA,1.408178,0.200000,0.100000,0.100000,0.120000
1734,PNEUMONIA,1.424718,0.000000,0.000000,0.200000,0.180000
1735,PNEUMONIA,1.442034,0.000000,0.000000,0.050000,0.100000
1736,PNEUMONIA,1.435489,0.000000,0.000000,0.000000,0.020000
1737,PNEUMONIA,1.426979,0.000000,0.000000,0.100000,0.160000
1738,PNEUMONIA,1.428752,0.000000,0.100000,0.050000,0.100000
1739,PNEUMONIA,1.443352,0.000000,0.000000,0.050000,0.100000
1740,PNEUMONIA,1.414932,0.000000,0.000000,0.000000,0.180000
1741,PNEUMONIA,1.433354,0.000000,0.000000,0.000000,0.160000
1742,PNEUMONIA,1.423287,0.000000,0.000000,0.000000,0.040000
1743,PNEUMONIA,1.421798,0.200000,0.200000,0.350000,0.340000
1744,PNEUMONIA,1.443701,0.000000,0.000000,0.000000,0.100000
1745,PNEUMONIA,1.439680,0.200000,0.300000,0.200000,0.120000
1746,PNEUMONIA,1.431335,0.000000,0.000000,0.150000,0.180000
1747,PNEUMONIA,1.425447,0.200000,0.300000,0.150000,0.200000
1748,PNEUMONIA,1.429317,0.000000,0.000000,0.000000,0.040000
1749,PNEUMONIA,1.421622,0.000000,0.000000,0.100000,0.140000
1750,PNEUMONIA,1.428930,0.000000,0.000000,0.050000,0.200000
1751,PNEUMONIA,1.425148,0.000000,0.200000,0.100000,0.160000
1752,PNEUMONIA,1.421279,0.000000,0.000000,0.150000,0.160000
1753,PNEUMONIA,1.423154,0.000000,0.000000,0.050000,0.380000
1754,PNEUMONIA,1.415135,0.000000,0.200000,0.200000,0.280000
1755,PNEUMONIA,1.419171,0.000000,0.200000,0.150000,0.240000
1756,PNEUMONIA,1.429050,0.000000,0.000000,0.150000,0.120000
1757,PNEUMONIA,1.428676,0.000000,0.100000,0.200000,0.220000
